imo,start,port,country,hours
9328170,2025-01-17T21:48:34.000Z,PRIMORSK,RUS,31.343611111111112
9328170,2025-02-03T21:18:49.000Z,MALTA OPL,MLT,15.357222222222223
9328170,2025-02-07T02:04:55.000Z,ALIAGA,TUR,175.83777777777777
9328170,2025-02-14T10:21:53.000Z,ALIAGA,TUR,41.75694444444444
9328170,2025-02-16T12:08:57.000Z,NOVOROSSIYSK,TUR,135.12722222222223
9328170,2025-03-11T22:39:24.000Z,TRIESTE ITALY,TUR,34.45
9328170,2025-03-16T03:21:44.000Z,PORT SAID,EGY,23.485833333333332
9328170,2025-03-31T09:25:57.000Z,NEW MANGALORE,IND,37.40277777777778
9328170,2025-04-12T05:01:24.000Z,SUEZ,EGY,26.60527777777778
9328170,2025-06-06T10:00:32.000Z,KOCHI,IND,12.744166666666667
9328170,2025-06-08T00:50:56.000Z,KHWARFAKKAN,IND,36.52583333333333
9328170,2025-06-21T11:45:18.000Z,SUEZ,EGY,17.942222222222224
9328170,2025-06-26T23:12:49.000Z,MALTA,MLT,27.34
9328170,2025-07-14T10:49:16.000Z,PRIMORSK,RUS,6.832222222222223
9328170,2025-07-15T06:18:46.000Z,PRIMORSK,RUS,23.78361111111111
9328170,2025-08-01T07:23:32.000Z,ALIAGA,TUR,27.23111111111111
9328170,2025-08-02T11:06:24.000Z,ALIAGA,TUR,45.07972222222222
9328170,2025-08-04T08:42:57.000Z,ALIAGA,TUR,154.36305555555555
9328170,2025-08-13T01:55:42.000Z,MALTA OPL,MLT,400.8305555555556
9328170,2025-09-01T01:59:27.000Z,NOVOROSSIYSK,TUR,30.99888888888889
9328170,2025-09-02T23:43:36.000Z,AMBARLI,TUR,172.21555555555557
9328170,2025-10-22T11:45:25.000Z,ISTANBUL,TUR,60.57388888888889
9328170,2025-11-22T16:11:17.000Z,ISTANBUL,TUR,65.17305555555555
9328170,2025-12-02T11:39:33.000Z,ISTANBUL,TUR,24.915555555555557
9328170,2025-12-18T13:53:50.000Z,NOVOROSSIYSK,RUS,8.405
9328170,2025-12-18T23:28:43.000Z,GELENDZHIK,RUS,37.3475
9328170,2025-12-26T01:17:50.000Z,GELIBOLU,TUR,80.54027777777777
9282481,2024-12-14T05:37:40.000Z,UST LUGA,RUS,484.05916666666667
9282481,2025-01-04T21:50:35.000Z,PRIMORSK,RUS,28.3525
9282481,2025-01-06T05:14:57.000Z,PRIMORSK,RUS,36.007222222222225
9282481,2025-01-11T23:48:06.000Z,SKAGEN,DNK,8.194166666666666
9282481,2025-02-03T10:37:37.000Z,PORT SAID,EGY,17.010555555555555
9282481,2025-02-15T16:15:21.000Z,MUNDRA,IND,114.3725
9282481,2025-02-25T09:30:25.000Z,FUJAIRAH,ARE,202.17333333333335
9282481,2025-03-08T11:07:23.000Z,AL DUQUM OMAN,OMN,709.3541666666666
9282481,2025-04-15T22:58:43.000Z,SUEZ,EGY,31.729444444444443
9282481,2025-04-30T14:52:31.000Z,SKAGEN,DNK,15.313055555555556
9282481,2025-05-15T09:55:00.000Z,UST LUGA,RUS,48.89111111111111
9282481,2025-06-04T10:18:57.000Z,PORT SAID,EGY,17.032777777777778
9282481,2025-06-05T14:05:05.000Z,ATHENES,EGY,78.41527777777777
9282481,2025-07-04T18:15:32.000Z,NINGBO,CHN,64.49305555555556
9282481,2025-07-27T15:25:41.000Z,KOZMINO,RUS,40.325833333333335
9282481,2025-11-06T07:06:37.000Z,SUEZ,EGY,167.54861111111111
9236248,2024-10-08T21:25:30.000Z,FUJAIRAH,ARE,2722.5925
9236248,2024-12-30T01:40:13.000Z,DONGYING CHINA,CHN,49.93527777777778
9236248,2025-01-03T18:08:40.000Z,NINGBO,CHN,14.336666666666666
9236248,2025-01-16T14:16:36.000Z,EOPL,MYS,16.837777777777777
9236248,2025-02-06T07:34:20.000Z,NINGBO CHINA,CHN,10.398888888888889
9236248,2025-02-10T16:23:45.000Z,HUIZHOU,CHN,109.42805555555556
9236248,2025-03-01T00:13:31.000Z,KOZMINO,RUS,16.61138888888889
9236248,2025-03-01T17:45:36.000Z,NAKHODKA,RUS,48.3475
9236248,2025-03-31T22:08:10.000Z,EOPL,MYS,39.06333333333333
9236248,2025-09-24T16:52:54.000Z,KHAWR FAKKAN,ARE,69.84944444444444
9236248,2025-10-21T17:42:28.000Z,BANDOS,MDV,59.80388888888889
9236248,2025-11-02T15:36:53.000Z,SINGAPORE,MYS,63.58861111111111
9236248,2025-11-22T05:02:27.000Z,FUJAIRAH,ARE,11.3675
9236248,2025-11-29T13:52:42.000Z,SOHAR,OMN,247.26472222222222
9236248,2025-12-24T21:06:50.000Z,EOPL,MYS,48.38861111111111
9439383,2022-03-21T17:39:20.000Z,TRIESTE,ITA,24490.375597222224
9439383,2025-02-22T08:38:34.000Z,KOZMINO,RUS,43.43611111111111
9439383,2025-02-26T01:34:03.000Z,BUSAN,KOR,14.24638888888889
9439383,2025-03-01T07:59:33.000Z,LONGKOU CHINA,CHN,74.27111111111111
9439383,2025-03-15T08:35:03.000Z,KOZMINO,RUS,37.99666666666667
9439383,2025-03-21T07:26:59.000Z,JIE YANG,CHN,63.028333333333336
9439383,2025-03-30T21:37:54.000Z,KOZMINO,RUS,61.278333333333336
9439383,2025-04-07T23:32:49.000Z,LONGKOU CHINA,CHN,51.4825
9439383,2025-04-14T07:05:07.000Z,BUSAN,KOR,22.19388888888889
9439383,2025-05-14T01:37:08.000Z,DONGYING CHINA,CHN,56.096944444444446
9439383,2025-05-20T15:54:18.000Z,NAKHODKA,RUS,89.8411111111111
9439383,2025-05-27T23:50:08.000Z,RIZHAO CHINA,CHN,70.52972222222222
9439383,2025-05-30T23:12:35.000Z,RIZHAO,CHN,49.701388888888886
9439383,2025-06-02T01:44:29.000Z,RIZHAO CHINA,CHN,13.0075
9439383,2025-06-12T14:29:40.000Z,KOZMINO,RUS,44.922777777777775
9439383,2025-06-25T14:05:18.000Z,EOPL,MYS,22.127777777777776
9439383,2025-07-16T08:26:55.000Z,PARADIP,IND,43.308055555555555
9439383,2025-08-01T02:33:27.000Z,DA LIAN,CHN,96.80388888888889
9439383,2025-08-05T05:03:04.000Z,DALIAN,CHN,498.2325
9439383,2025-08-31T02:22:24.000Z,DALIAN,CHN,200.32833333333335
9439383,2025-09-14T02:08:46.000Z,BUSAN,KOR,15.561666666666667
9439383,2025-09-23T20:40:47.000Z,KOZMINO,RUS,91.55944444444444
9439383,2025-10-02T15:44:09.000Z,GULEI CHINA,CHN,133.21472222222224
9439383,2025-10-13T02:41:52.000Z,BUSAN,KOR,9.27111111111111
9439383,2025-10-21T17:54:29.000Z,KOZMINO,RUS,599.0038888888889
9439383,2025-11-20T20:54:58.000Z,GULEI CHINA,CHN,98.9575
9439383,2025-11-28T01:08:19.000Z,BUSAN,KOR,9.684444444444445
9439383,2025-12-03T21:46:28.000Z,KOZMINO,RUS,15.180555555555555
9439383,2025-12-04T15:09:04.000Z,NAKHODKA,RUS,21.516944444444444
9439383,2025-12-10T05:30:02.000Z,LONGKOU,CHN,68.03861111111111
9439383,2025-12-18T06:15:08.000Z,KOZMINO,RUS,6.937777777777778
9439383,2025-12-19T01:11:13.000Z,NAKHODKA,RUS,7.065277777777778
9439383,2025-12-26T04:47:25.000Z,LONGKOU CHINA,CHN,51.04527777777778
9311610,2025-01-18T07:34:27.000Z,LOME,TGO,824.8008333333333
9311610,2025-02-22T21:35:37.000Z,LOME,TGO,140.74833333333333
9311610,2025-03-09T20:02:06.000Z,LAS PALMAS,ESP,46.48277777777778
9311610,2025-03-20T07:11:55.000Z,NOVOROSSIYSK,TUR,68.68166666666667
9311610,2025-03-28T05:03:15.000Z,NOVOROSSIYSK,RUS,28.7475
9311610,2025-03-29T11:46:42.000Z,NOVOROSSIYSK,RUS,74.17555555555556
9311610,2025-04-08T19:57:35.000Z,PORT SAID,EGY,8.115
9311610,2025-04-19T18:24:56.000Z,SIKKA,IND,78.57722222222222
9311610,2025-05-02T14:18:57.000Z,SUEZ,EGY,61.882222222222225
9311610,2025-05-07T17:05:22.000Z,NOVOROSSIYSK,TUR,18.71388888888889
9311610,2025-05-13T13:09:50.000Z,NOVOROSSIYSK,RUS,47.52861111111111
9311610,2025-05-19T13:10:25.000Z,GELIBOLU,TUR,12.118611111111111
9311610,2025-05-22T09:42:33.000Z,PORT SAID,EGY,16.078055555555554
9311610,2025-06-15T04:30:06.000Z,SUEZ,EGY,47.44361111111111
9311610,2025-06-26T16:14:36.000Z,NOVOROSSIYSK,TUR,18.311666666666667
9311610,2025-07-13T08:24:35.000Z,PORT SAID,EGY,20.08861111111111
9311610,2025-07-31T23:56:21.000Z,SINGAPORE,SGP,21.01861111111111
9311610,2025-08-12T02:10:50.000Z,YINGKOU,CHN,41.795833333333334
9311610,2025-08-20T04:39:59.000Z,KOZMINO,RUS,88.53111111111112
9311610,2025-08-27T14:13:45.000Z,RIZHAO,CHN,13.180833333333334
9311610,2025-08-28T04:18:59.000Z,RIZHAO,CHN,67.78194444444445
9311610,2025-09-12T11:28:22.000Z,EOPL,MYS,56.695
9311610,2025-10-02T02:54:32.000Z,SUEZ,EGY,25.396944444444443
9311610,2025-10-05T18:37:45.000Z,NOVOROSSIYSK,TUR,80.25444444444445
9311610,2025-10-12T20:24:02.000Z,GELENDZHIK,RUS,18.914166666666667
9311610,2025-10-16T13:02:40.000Z,MED SEA,TUR,18.229166666666668
9311610,2025-10-17T14:04:46.000Z,TRIESTE ITALY,TUR,42.98722222222222
9311610,2025-10-21T23:33:13.000Z,PORT SAID,EGY,27.99888888888889
9311610,2025-11-03T15:12:54.000Z,VADINAR,IND,113.90972222222223
9311610,2025-11-18T12:02:34.000Z,SUEZ,EGY,15.795
9311610,2025-11-28T22:06:18.000Z,NOVOROSSIYSK,TUR,79.61472222222223
9311610,2025-12-02T10:40:50.000Z,NOVOROSSIYSK,TUR,21.713333333333335
9311610,2025-12-10T08:35:46.000Z,NOVOROSSIYSK,RUS,4.448888888888889
9311610,2025-12-11T16:00:33.000Z,NOVOROSSIYSK,RUS,25.495833333333334
9311610,2025-12-12T22:41:08.000Z,GELENDZHIK,RUS,4.532777777777778
9311610,2025-12-19T22:02:46.000Z,GELIBOLU,TUR,36.07972222222222
9311610,2025-12-24T04:34:56.000Z,PORT SAID,EGY,23.789722222222224
9311610,2025-12-28T00:09:13.000Z,JEDDAH,SAU,23.34638888888889
9472634,2025-01-02T22:40:00.000Z,ROTTERDAM,NLD,33.01833333333333
9472634,2025-01-25T23:19:42.000Z,HOUSTON,USA,14.385277777777778
9472634,2025-01-26T15:55:04.000Z,A H E AS,USA,44.68083333333333
9472634,2025-02-16T12:23:05.000Z,ROTTERDAM,NLD,98.81111111111112
9472634,2025-02-20T15:41:18.000Z,ROTTERDAM,NLD,52.77027777777778
9472634,2025-03-09T18:20:42.000Z,COME BY CHANCE,CAN,98.9125
9472634,2025-03-25T04:29:31.000Z,WILHELMSHAVEN,DEU,3.1758333333333333
9472634,2025-03-25T10:31:26.000Z,GERMAN BIGHT PATROL,DEU,37.05166666666667
9472634,2025-03-28T21:05:43.000Z,LE HAVRE,FRA,24.585555555555555
9472634,2025-03-29T21:46:21.000Z,AE,FRA,233.60166666666666
9472634,2025-04-08T15:57:03.000Z,AE,FRA,70.10722222222222
9472634,2025-04-11T14:07:48.000Z,LE HAVRE,FRA,21.672777777777778
9472634,2025-04-22T07:38:53.000Z,PRIMORSK,RUS,47.445
9472634,2025-05-09T13:37:51.000Z,ALGER,DZA,8.089166666666667
9472634,2025-05-16T00:18:43.000Z,PORT SAID,EGY,12.815555555555555
9472634,2025-05-16T13:21:49.000Z,PORT SAID,EGY,13.091666666666667
9472634,2025-05-17T15:18:57.000Z,ATHENES,EGY,50.30166666666667
9472634,2025-06-13T22:04:00.000Z,SUEZ,EGY,31.601388888888888
9472634,2025-07-06T08:41:47.000Z,UST LUGA,RUS,43.646388888888886
9472634,2025-07-27T03:38:19.000Z,PORT SAID,EGY,23.635833333333334
9472634,2025-08-08T09:52:36.000Z,VADINAR,IND,55.65833333333333
9472634,2025-10-21T06:06:31.000Z,VADINAR,IND,44.81583333333333
9472634,2025-11-01T22:19:28.000Z,SUEZ,EGY,31.74138888888889
9472634,2025-11-25T07:18:54.000Z,UST LUGA,RUS,23.775277777777777
9472634,2025-11-26T07:55:10.000Z,UST LUGA,RUS,102.16194444444444
9472634,2025-12-22T04:52:26.000Z,PORT SAID,EGY,23.43138888888889
9460564,2025-01-02T04:15:27.000Z,SAN FRANCISCO,USA,115.22361111111111
9460564,2025-01-07T00:10:06.000Z,SAN FRANCISCO,USA,75.29944444444445
9460564,2025-01-21T17:07:52.000Z,BALBOA,PAN,332.7002777777778
9460564,2025-02-04T14:45:14.000Z,CRISTOBAL,PAN,4.938611111111111
9460564,2025-02-11T16:40:04.000Z,HOUSTON,USA,5.8175
9460564,2025-02-12T00:20:32.000Z,A H E AS,USA,63.16361111111111
9460564,2025-03-05T15:26:15.000Z,ROTTERDAM,NLD,127.51805555555555
9460564,2025-03-16T06:46:28.000Z,IMMINGHAM,GBR,43.57555555555555
9460564,2025-03-19T16:39:22.000Z,AE,FRA,243.7422222222222
9460564,2025-03-29T20:29:06.000Z,LE HAVRE,FRA,90.24
9460564,2025-04-02T13:20:12.000Z,LE HAVRE,FRA,140.40833333333333
9460564,2025-04-20T06:29:35.000Z,UST LUGA,RUS,29.968333333333334
9460564,2025-05-09T07:04:33.000Z,PORT SAID,EGY,20.1975
9460564,2025-05-29T00:56:57.000Z,TANJUNG PELEPAS,MYS,288.98583333333335
9460564,2025-06-26T23:39:34.000Z,KOZMINO,RUS,29.504722222222224
9460564,2025-07-02T23:56:24.000Z,JIN ZHOU,CHN,19.77638888888889
9460564,2025-07-03T23:10:14.000Z,JIN ZHOU,CHN,60.115
9460564,2025-07-14T23:26:25.000Z,KOZMINO,RUS,45.70305555555556
9460564,2025-07-22T07:29:50.000Z,DONGYING CHINA,CHN,67.74361111111111
9460564,2025-07-30T07:34:17.000Z,BUSAN,KOR,11.096666666666666
9460564,2025-08-04T06:35:54.000Z,KOZMINO,RUS,60.26555555555556
9460564,2025-08-19T01:30:25.000Z,EOPL,MYS,66.30805555555555
9460564,2025-09-02T06:13:07.000Z,SIKKA,IND,94.53888888888889
9460564,2025-09-06T04:50:43.000Z,SIKKA,IND,6.8805555555555555
9460564,2025-10-08T14:51:17.000Z,UST LUGA,RUS,29.885555555555555
9460564,2025-10-28T05:05:39.000Z,PORT SAID,EGY,22.39666666666667
9460564,2025-11-09T14:16:12.000Z,VADINAR,IND,130.13361111111112
9460564,2025-11-25T05:19:41.000Z,SUEZ,EGY,25.391944444444444
9460564,2025-12-01T15:00:34.000Z,MALTA,MLT,17.356944444444444
9419450,2025-01-13T00:52:57.000Z,IMMINGHAM,GBR,49.69138888888889
9419450,2025-01-15T06:20:10.000Z,IMMINGHAM,GBR,56.248333333333335
9419450,2025-01-23T09:01:37.000Z,TANGIER MED,ESP,191.97694444444446
9419450,2025-01-31T14:53:20.000Z,CEUTA,ESP,41.294444444444444
9419450,2025-02-08T08:40:13.000Z,SIDI KERIR,EGY,22.846944444444443
9419450,2025-02-09T08:05:11.000Z,SIDI KERIR,EGY,178.05527777777777
9419450,2025-03-07T03:20:45.000Z,BUTINGE,LTU,33.903333333333336
9419450,2025-03-10T10:57:07.000Z,GOTHENBURG,SWE,185.20055555555555
9419450,2025-03-20T15:25:40.000Z,LE HAVRE,FRA,13.689166666666667
9419450,2025-03-21T05:11:51.000Z,AE,FRA,255.855
9419450,2025-03-31T21:07:41.000Z,LE HAVRE,FRA,207.09194444444444
9419450,2025-04-09T08:18:58.000Z,LE HAVRE,FRA,5.204444444444444
9419450,2025-04-09T10:58:05.000Z,LE HAVRE,FRA,49.20777777777778
9419450,2025-04-21T11:52:49.000Z,PRIMORSK,RUS,19.885
9419450,2025-04-22T20:30:41.000Z,PRIMORSK,RUS,27.85638888888889
9419450,2025-05-10T15:47:20.000Z,PORT SAID,EGY,2.6127777777777776
9419450,2025-05-10T19:01:28.000Z,PORT SAID,EGY,7.541111111111111
9419450,2025-05-11T16:00:36.000Z,SUEZ,EGY,7.851111111111111
9419450,2025-05-22T23:22:13.000Z,COCHIN,IND,61.882222222222225
9419450,2025-05-30T02:14:14.000Z,COCHIN,IND,18.25027777777778
9419450,2025-06-21T04:05:19.000Z,DALIAN,CHN,750.2477777777777
9419450,2025-07-25T02:46:09.000Z,BUSAN,KOR,28.058055555555555
9419450,2025-08-01T05:08:37.000Z,KOZMINO,RUS,33.87305555555555
9419450,2025-08-07T04:10:08.000Z,DONGYING CHINA,CHN,70.36972222222222
9419450,2025-08-20T06:51:40.000Z,KOZMINO,RUS,43.58111111111111
9419450,2025-08-27T00:48:24.000Z,TIAN JIN,CHN,42.681666666666665
9419450,2025-08-31T14:10:15.000Z,BUSAN,KOR,19.037777777777777
9419450,2025-09-28T07:10:28.000Z,RIZHAO,CHN,15.44138888888889
9419450,2025-09-28T23:39:38.000Z,RIZHAO,CHN,52.91
9419450,2025-10-08T23:29:33.000Z,NAKHODKA,RUS,1.9255555555555555
9419450,2025-10-09T01:54:33.000Z,NAKHODKA,RUS,15.8875
9419450,2025-10-13T23:18:33.000Z,CN LSN,CHN,49.03722222222222
9419450,2025-10-24T13:33:32.000Z,NAKHODKA,RUS,23.565
9419450,2025-11-21T16:28:10.000Z,VADINAR,IND,47.139722222222225
9419450,2025-12-03T07:20:11.000Z,SUEZ,EGY,29.16638888888889
9419450,2025-12-25T12:04:11.000Z,PRIMORSK,RUS,14.710833333333333
9419450,2025-12-26T04:09:58.000Z,PRIMORSK,RUS,68.75027777777778
9299707,2025-01-11T19:48:14.000Z,PORT SAID,EGY,8.530555555555555
9299707,2025-01-23T14:48:03.000Z,FUJAIRAH,ARE,146.0263888888889
9299707,2025-01-29T19:48:37.000Z,FUJAIRAH,ARE,47.71083333333333
9299707,2025-02-01T04:44:35.000Z,FUJAIRAH,ARE,188.54305555555555
9299707,2025-02-18T07:25:38.000Z,SUEZ,EGY,23.15138888888889
9299707,2025-03-13T14:10:10.000Z,UST LUGA,RUS,0.7494444444444445
9299707,2025-03-14T07:24:34.000Z,UST LUGA,RUS,81.52055555555556
9299707,2025-04-06T07:31:37.000Z,PORT SAID,EGY,19.569444444444443
9299707,2025-04-19T04:33:09.000Z,SIKKA,IND,238.04055555555556
9299707,2025-05-16T17:38:44.000Z,AL DUQUM OMAN,OMN,761.7094444444444
9299707,2025-07-18T10:14:47.000Z,PRIMORSK,RUS,16.301111111111112
9299707,2025-08-05T18:41:11.000Z,PORT SAID,EGY,13.78888888888889
9299707,2025-08-19T05:41:01.000Z,PORT SAID,EGY,20.732222222222223
9299707,2025-08-20T15:13:57.000Z,SUEZ,EGY,14.3825
9299707,2025-11-29T06:08:00.000Z,VOSTOCHNY,RUS,17.02888888888889
9299707,2025-11-29T23:25:04.000Z,NAKHODKA,RUS,69.34777777777778
9296377,2025-01-03T07:52:39.000Z,MILAZZO,ITA,219.94472222222223
9296377,2025-01-15T00:19:04.000Z,CASTELLON,ESP,398.7325
9296377,2025-02-02T11:17:26.000Z,GIBRALTAR,GIB,36.69916666666666
9296377,2025-02-25T08:00:06.000Z,KOME KRIBI,CMR,35.41222222222222
9296377,2025-03-16T02:33:50.000Z,ROTTERDAM,NLD,9.946666666666667
9296377,2025-03-16T15:51:14.000Z,ROTTERDAM,NLD,83.79138888888889
9296377,2025-03-20T04:40:22.000Z,ROTTERDAM,NLD,367.53555555555556
9296377,2025-04-04T13:36:11.000Z,NPVE,NLD,6.276944444444444
9296377,2025-04-07T02:40:56.000Z,SKAGEN,DNK,436.4483333333333
9296377,2025-04-10T14:16:47.000Z,SKAGEN,DNK,118.61666666666666
9296377,2025-04-15T15:26:37.000Z,SKAGEN,DNK,127.37638888888888
9296377,2025-05-01T02:36:17.000Z,PRIMORSK,RUS,11.546944444444444
9296377,2025-05-16T18:46:36.000Z,ALIAGA,TUR,46.801944444444445
9296377,2025-05-22T23:20:00.000Z,TUAPSE,RUS,13.502222222222223
9296377,2025-06-18T18:02:06.000Z,MUMBAI,IND,253.66083333333333
9296377,2025-06-29T19:53:21.000Z,MUMBAI,IND,38.285555555555554
9296377,2025-07-11T04:05:43.000Z,COCHIN,IND,27.870277777777776
9296377,2025-07-22T12:15:01.000Z,SUEZ,EGY,15.858888888888888
9296377,2025-07-30T07:12:17.000Z,NOVOROSSIYSK,RUS,25.093611111111112
9296377,2025-08-08T09:14:18.000Z,ALIAGA,TUR,54.484722222222224
9296377,2025-08-19T13:23:34.000Z,NOVOROSSIYSK,TUR,17.34861111111111
9296377,2025-08-20T21:52:26.000Z,YESILKOY,TUR,63.17111111111111
9296377,2025-09-04T03:44:43.000Z,NOVOROSSIYSK,RUS,21.20138888888889
9296377,2025-09-11T18:02:54.000Z,PORT SAID,EGY,10.18388888888889
9296377,2025-10-02T03:01:05.000Z,NEW MANGALORE,IND,52.208888888888886
9296377,2025-10-21T02:19:58.000Z,SUEZ,EGY,26.7375
9296377,2025-11-02T05:36:23.000Z,TUZLA,TUR,702.53
9296377,2025-12-01T13:26:26.000Z,TUZLA,TUR,18.997222222222224
9296377,2025-12-02T16:16:43.000Z,AMBARLI,TUR,17.359444444444446
9296377,2025-12-21T05:35:42.000Z,PRIMORSK,RUS,40.812777777777775
9296377,2025-12-22T23:37:17.000Z,PRIMORSK,RUS,20.922777777777778
9408542,2024-12-31T23:23:44.000Z,KAOHSIUNG,TWN,50.03888888888889
9408542,2025-01-09T21:16:07.000Z,YANGPU,CHN,179.59055555555557
9408542,2025-01-18T21:37:19.000Z,YANGPU,CHN,35.25111111111111
9408542,2025-01-25T06:54:32.000Z,ZHOU SHAN,CHN,21.504722222222224
9408542,2025-01-31T17:59:16.000Z,KOZMINO,RUS,52.929722222222225
9408542,2025-02-08T04:36:53.000Z,DONG YING,CHN,70.8313888888889
9408542,2025-02-19T09:24:59.000Z,KOZMINO,RUS,35.415
9408542,2025-02-25T04:27:54.000Z,DONGYING CHINA,CHN,46.88583333333333
9408542,2025-03-05T05:43:02.000Z,KOZMINO,RUS,29.02111111111111
9408542,2025-03-11T08:50:12.000Z,DONGYING CHINA,CHN,44.93833333333333
9408542,2025-03-17T04:32:36.000Z,YOSU,KOR,9.510555555555555
9408542,2025-03-20T23:11:56.000Z,KOZMINO,RUS,33.71805555555556
9408542,2025-03-27T04:04:46.000Z,DONGYING CHINA,CHN,74.42722222222223
9408542,2025-04-05T23:28:29.000Z,KOZMINO,RUS,24.737222222222222
9408542,2025-04-17T01:48:52.000Z,DONGYING CHINA,CHN,48.45583333333333
9408542,2025-04-23T10:34:34.000Z,KOZMINO,RUS,30.377222222222223
9408542,2025-04-28T22:32:29.000Z,LONGKOU CHINA,CHN,54.367222222222225
9408542,2025-05-05T11:36:07.000Z,KOZMINO,RUS,36.775
9408542,2025-05-10T21:53:41.000Z,YANTAI,CHN,5.226666666666667
9408542,2025-05-11T03:21:14.000Z,AA,CHN,47.85722222222222
9408542,2025-05-19T23:21:14.000Z,KOZMINO,RUS,36.566944444444445
9408542,2025-05-25T08:04:52.000Z,DALIAN CHINA,CHN,50.85527777777778
9408542,2025-05-29T00:40:06.000Z,YOSU,KOR,10.4625
9408542,2025-06-04T14:14:32.000Z,KOZMINO,RUS,31.49277777777778
9408542,2025-06-11T16:29:23.000Z,HUIZHOU,CHN,61.102777777777774
9408542,2025-06-19T09:10:40.000Z,KOZMINO,RUS,56.185
9408542,2025-06-26T03:57:44.000Z,DONGYING CHINA,CHN,46.48888888888889
9408542,2025-07-05T11:56:35.000Z,KOZMINO,RUS,33.808055555555555
9408542,2025-07-11T03:31:54.000Z,DONGYING CHINA,CHN,49.08611111111111
9408542,2025-07-20T11:51:02.000Z,KOZMINO,RUS,26.19361111111111
9408542,2025-07-25T18:11:21.000Z,TIANJIN,CHN,45.71277777777778
9408542,2025-08-03T23:37:44.000Z,KOZMINO,RUS,34.909166666666664
9408542,2025-08-10T01:05:14.000Z,LONGKOU,CHN,49.013888888888886
9408542,2025-08-13T20:52:12.000Z,YOSU,KOR,10.475555555555555
9408542,2025-08-17T23:42:02.000Z,KOZMINO,RUS,31.0725
9408542,2025-08-23T03:24:08.000Z,JIE YANG,CHN,43.45611111111111
9408542,2025-08-28T13:50:54.000Z,NAKHODKA,RUS,5.283888888888889
9408542,2025-09-05T22:03:52.000Z,NINGBO,CHN,54.264722222222225
9408542,2025-09-19T01:23:22.000Z,DONGYING,CHN,50.443888888888885
9408542,2025-09-30T03:17:07.000Z,KOZMINO,RUS,11.697222222222223
9408542,2025-09-30T15:13:47.000Z,NAKHODKA,RUS,13.338888888888889
9408542,2025-10-06T02:20:03.000Z,JIE YANG,CHN,47.88194444444444
9408542,2025-10-15T23:24:54.000Z,KOZMINO,RUS,27.2675
9408542,2025-10-25T23:55:09.000Z,QIN ZHOU,CHN,48.18638888888889
9408542,2025-11-02T23:24:58.000Z,YOSU,KOR,10.095833333333333
9408542,2025-11-08T07:38:04.000Z,KOZMINO,RUS,30.194166666666668
9408542,2025-11-14T03:33:40.000Z,TIANJIN,CHN,103.57111111111111
9408542,2025-11-28T12:00:07.000Z,KOZMINO,RUS,9.16638888888889
9408190,2025-01-01T17:20:56.000Z,PORT SAID,EGY,10.782777777777778
9408190,2025-01-13T09:13:50.000Z,FUJAIRAH,ARE,71.67916666666666
9408190,2025-01-16T09:11:25.000Z,FUJAIRAH,ARE,78.04861111111111
9408190,2025-01-19T16:39:37.000Z,FUJAIRAH,ARE,18.826666666666668
9408190,2025-01-29T14:59:57.000Z,SUEZ,EGY,38.719722222222224
9408190,2025-02-18T13:42:38.000Z,PRIMORSK,RUS,32.86694444444444
9408190,2025-03-10T10:06:01.000Z,PORT SAID,EGY,17.466944444444444
9408190,2025-03-11T14:39:59.000Z,ATHENES,EGY,6.515
9408190,2025-03-22T20:56:41.000Z,VADINAR,IND,61.50194444444445
9408190,2025-04-04T05:21:12.000Z,SUEZ,EGY,24.84861111111111
9408190,2025-05-02T16:31:36.000Z,PRIMORSK,RUS,18.740555555555556
9408190,2025-05-04T01:46:23.000Z,PRIMORSK,RUS,4.046666666666667
9408190,2025-06-20T04:55:27.000Z,SUEZ,EGY,24.718611111111112
9408190,2025-07-12T18:52:01.000Z,PRIMORSK,RUS,43.390277777777776
9408190,2025-08-01T17:49:13.000Z,ANTALYA,TUR,41.93
9408190,2025-08-04T21:02:33.000Z,PORT SAID,EGY,31.159166666666668
9408190,2025-08-06T16:59:47.000Z,SUEZ,EGY,5.750277777777778
9408190,2025-08-17T04:25:06.000Z,FUJAIRAH,ARE,327.34583333333336
9408190,2025-09-17T21:29:40.000Z,SUEZ,EGY,32.81777777777778
9408190,2025-10-22T12:54:02.000Z,UST LUGA,RUS,24.07138888888889
9408190,2025-10-23T13:13:17.000Z,PRIMORSK,RUS,24.06972222222222
9408190,2025-10-24T15:15:28.000Z,PRIMORSK,RUS,44.96111111111111
9408190,2025-11-14T05:25:18.000Z,PORT SAID,EGY,22.478055555555557
9408190,2025-11-15T15:14:14.000Z,ATHENES,EGY,10.116111111111111
9408190,2025-11-28T01:15:08.000Z,NEW MANGALORE,IND,42.01638888888889
9408190,2025-12-10T00:12:26.000Z,SUEZ,EGY,176.68583333333333
9439539,2025-01-22T19:44:00.000Z,SINGAPORE,MYS,74.16305555555556
9439539,2025-02-10T15:36:20.000Z,SUEZ,EGY,66.72944444444444
9439539,2025-02-17T13:54:49.000Z,MALTA,MLT,9.852222222222222
9439539,2025-03-07T21:15:02.000Z,PRIMORSK,RUS,16.90888888888889
9439539,2025-03-08T14:26:54.000Z,PRIMORSK,RUS,6.613611111111111
9439539,2025-03-09T03:40:56.000Z,PRIMORSK,RUS,1.8111111111111111
9439539,2025-03-09T08:25:29.000Z,PRIMORSK,RUS,27.030277777777776
9439539,2025-03-10T13:30:59.000Z,UST LUGA,RUS,26.375
9439539,2025-03-28T09:18:02.000Z,ALIAGA,TUR,96.64361111111111
9439539,2025-04-01T10:21:58.000Z,ALIAGA,TUR,32.300555555555555
9439539,2025-04-05T03:09:04.000Z,MALTA,MLT,10.492777777777778
9439539,2025-04-17T02:51:39.000Z,SKAW,DNK,318.07055555555553
9439539,2025-05-07T02:40:11.000Z,PRIMORSK,RUS,18.939722222222223
9439539,2025-05-08T03:26:54.000Z,PRIMORSK,RUS,6.25
9439539,2025-05-24T06:36:26.000Z,ALIAGA,TUR,42.18555555555555
9439539,2025-05-26T01:14:04.000Z,ALIAGA,TUR,89.30444444444444
9439539,2025-06-01T05:19:59.000Z,MALTA,MLT,16.585833333333333
9439539,2025-06-12T20:43:53.000Z,SKAGEN,DNK,419.59444444444443
9439539,2025-07-06T19:58:55.000Z,PRIMORSK,RUS,6.285833333333334
9439539,2025-07-07T05:04:39.000Z,PRIMORSK,RUS,29.3225
9439539,2025-07-29T16:07:37.000Z,ALIAGA,TUR,56.15277777777778
9439539,2025-08-01T00:53:36.000Z,ALIAGA,TUR,11.829166666666667
9439539,2025-09-02T11:16:05.000Z,UST LUGA,RUS,82.85333333333334
9439539,2025-09-06T05:30:08.000Z,UST LUGA,RUS,29.019444444444446
9439539,2025-09-23T20:47:04.000Z,PORT SAID,EGY,30.855833333333333
9439539,2025-10-05T18:38:02.000Z,SIKKA,IND,94.03333333333333
9439539,2025-10-20T13:28:16.000Z,SUEZ,EGY,16.03
9439539,2025-11-27T20:13:21.000Z,UST LUGA,RUS,806.2283333333334
9436020,2025-02-02T05:55:06.000Z,LAS PALMAS,ESP,398.6666666666667
9436020,2025-02-19T13:16:32.000Z,HOLLANDS DIEP,NLD,397.0563888888889
9436020,2025-02-25T00:26:54.000Z,LAS PALMAS,ESP,0.7452777777777778
9436020,2025-03-11T18:13:50.000Z,PRIMORSK,RUS,10.278333333333334
9436020,2025-03-13T07:40:55.000Z,UST LUGA,RUS,39.09444444444444
9436020,2025-04-01T01:32:51.000Z,PORT SAID,EGY,26.435
9436020,2025-04-04T23:36:38.000Z,JEDDAH,SAU,17.585555555555555
9436020,2025-04-15T02:07:44.000Z,JAMNAGR,IND,86.41083333333333
9436020,2025-04-28T21:50:32.000Z,AEPA SINGAPORE,SGP,74.78472222222223
9436020,2025-05-13T13:35:42.000Z,KOZMINO,RUS,42.96111111111111
9436020,2025-05-16T04:26:54.000Z,ZARUBINO,RUS,73.20027777777777
9436020,2025-05-22T22:03:20.000Z,KOZMINO,RUS,57.11277777777778
9436020,2025-05-30T01:08:14.000Z,LONGKOU,CHN,47.77166666666667
9436020,2025-06-05T23:24:30.000Z,KOZMINO,RUS,32.973333333333336
9436020,2025-06-12T12:48:26.000Z,JINZHOU,CHN,18.211944444444445
9436020,2025-06-14T03:20:53.000Z,JIN ZHOU,CHN,47.48
9436020,2025-06-18T21:11:43.000Z,YOSU,KOR,14.068333333333333
9436020,2025-06-27T07:00:02.000Z,KOZMINO,RUS,35.55277777777778
9436020,2025-07-07T22:14:13.000Z,HUIZHOU,CHN,5.9605555555555565
9436020,2025-07-08T04:19:46.000Z,HUIZHOU,CHN,48.63055555555555
9436020,2025-07-24T23:24:12.000Z,KOZMINO,RUS,31.11138888888889
9436020,2025-07-28T04:30:54.000Z,BUSAN,KOR,7.477222222222222
9436020,2025-08-01T00:47:29.000Z,LONGKOU,CHN,49.64694444444444
9436020,2025-08-10T02:34:21.000Z,DALIAN,CHN,1123.3405555555555
9436020,2025-09-26T21:43:28.000Z,NAKHODKA,RUS,0.6266666666666667
9436020,2025-09-26T22:39:55.000Z,NAKHODKA,RUS,13.474444444444444
9436020,2025-10-04T00:38:48.000Z,JIE YANG,CHN,46.85861111111111
9436020,2025-10-12T04:33:44.000Z,BUSAN,KOR,10.864166666666666
9436020,2025-10-16T22:34:19.000Z,KOZMINO,RUS,13.126944444444444
9436020,2025-10-17T11:58:44.000Z,NAKHODKA,RUS,0.03138888888888889
9436020,2025-10-17T12:33:55.000Z,NAKHODKA,RUS,0.030555555555555555
9436020,2025-10-17T14:22:14.000Z,NAKHODKA,RUS,0.030833333333333334
9436020,2025-10-17T14:40:04.000Z,NAKHODKA,RUS,0.6388888888888888
9436020,2025-10-17T15:20:06.000Z,NAKHODKA,RUS,0.5638888888888889
9436020,2025-10-17T16:28:38.000Z,NAKHODKA,RUS,0.016666666666666666
9436020,2025-10-17T16:46:19.000Z,NAKHODKA,RUS,0.030555555555555555
9436020,2025-10-23T03:59:13.000Z,LONGKOU,CHN,78.26166666666667
9436020,2025-11-08T23:53:53.000Z,LONGKOU,CHN,54.385555555555555
9436020,2025-11-14T06:17:46.000Z,BUSAN,KOR,25.635277777777777
9436020,2025-11-19T15:56:50.000Z,VOSTOCHNY,RUS,0.3055555555555556
9436020,2025-11-28T20:50:12.000Z,YAN TAI,CHN,123.15305555555555
9436020,2025-12-04T00:07:14.000Z,AA,CHN,73.38583333333334
9436020,2025-12-09T05:08:05.000Z,BUSAN,KOR,22.721944444444443
9436020,2025-12-15T12:37:53.000Z,NAKHODKA,RUS,0.019444444444444445
9436020,2025-12-15T13:31:32.000Z,NAKHODKA,RUS,0.03333333333333333
9436020,2025-12-15T17:56:06.000Z,NAKHODKA,RUS,16.255
9436020,2025-12-16T10:40:34.000Z,NAKHODKA,RUS,1.2141666666666666
9436020,2025-12-16T11:55:54.000Z,NAKHODKA,RUS,0.26361111111111113
9436020,2025-12-16T13:04:04.000Z,NAKHODKA,RUS,0.030555555555555555
9436020,2025-12-16T13:25:04.000Z,NAKHODKA,RUS,1.1555555555555554
9436020,2025-12-16T14:54:24.000Z,NAKHODKA,RUS,0.2972222222222222
9213296,2024-10-23T03:10:49.000Z,CHANG XING DAO,CHN,1876.2294444444444
9213296,2025-01-13T03:40:06.000Z,CN DLC,CHN,474.85
9213296,2025-02-02T01:43:28.000Z,DALIAN CN,CHN,5.262777777777778
9213296,2025-02-05T02:00:13.000Z,BUSAN,KOR,8.186666666666667
9213296,2025-03-14T18:25:54.000Z,SIKKA,IND,55.742222222222225
9213296,2025-03-17T04:50:18.000Z,SIKKA,IND,54.45
9213296,2025-03-30T12:35:43.000Z,SUEZ,EGY,41.24944444444444
9213296,2025-04-19T14:25:25.000Z,LAS PALMAS,ESP,139.98888888888888
9213296,2025-05-30T05:08:39.000Z,AMBARLI,TUR,76.36583333333333
9213296,2025-06-03T13:51:38.000Z,MED SEA,TUR,14.653333333333334
9213296,2025-08-22T10:28:23.000Z,AMBARLI,TUR,11.229444444444445
9213296,2025-08-23T05:50:11.000Z,GELIBOLU,TUR,29.851666666666667
9213296,2025-09-03T00:09:47.000Z,PORT SAID,EGY,3.1461111111111113
9213296,2025-12-03T12:58:51.000Z,NOVOROSSIYSK,TUR,643.5594444444445
9297541,2025-01-06T18:30:23.000Z,CEYHAN,TUR,21.9725
9297541,2025-01-12T15:58:47.000Z,MILAZZO,ITA,169.19
9297541,2025-01-24T05:52:23.000Z,VATIKA BAY GREECE,GRC,28.03
9297541,2025-02-01T18:39:23.000Z,CEYHAN,TUR,22.073055555555555
9297541,2025-02-04T13:12:43.000Z,KALI LIMENES,GRC,3.4241666666666672
9297541,2025-02-15T17:05:08.000Z,WHITEGATE,IRL,50.99861111111111
9297541,2025-02-19T04:37:17.000Z,AE,FRA,325.72444444444443
9297541,2025-03-04T17:59:25.000Z,AE,FRA,14.915833333333333
9297541,2025-03-05T08:58:38.000Z,LE HAVRE,FRA,80.5188888888889
9297541,2025-03-16T10:36:43.000Z,PRIMORSK,RUS,28.012777777777778
9297541,2025-03-17T17:02:42.000Z,PRIMORSK,RUS,92.49194444444444
9297541,2025-04-07T09:51:05.000Z,PORT SAID,EGY,3.345833333333333
9297541,2025-04-07T13:25:26.000Z,PORT SAID,EGY,13.648888888888889
9297541,2025-04-19T00:40:13.000Z,NEW MANGALORE,IND,41.89555555555555
9297541,2025-04-30T08:04:58.000Z,SUEZ,EGY,21.918333333333333
9297541,2025-05-20T06:30:59.000Z,UST LUGA,RUS,4.853611111111111
9297541,2025-06-05T07:33:50.000Z,PORT SAID,EGY,20.401666666666667
9297541,2025-06-27T15:21:48.000Z,SUEZ,EGY,87.43305555555555
9297541,2025-07-04T08:29:57.000Z,MALTA OPL,MLT,6.223888888888889
9297541,2025-07-16T08:27:20.000Z,PRIMORSK,RUS,48.12611111111111
9297541,2025-08-14T09:54:45.000Z,SIKKA,IND,20.79361111111111
9297541,2025-08-15T07:00:24.000Z,SIKKA,IND,26.816388888888888
9297541,2025-08-23T19:29:59.000Z,AE KLF,ARE,191.38861111111112
9297541,2025-09-02T00:18:17.000Z,BAHRAIN,BHR,592.0186111111111
9297541,2025-09-26T16:47:50.000Z,BAHRAIN,BHR,16.971666666666668
9297541,2025-10-06T18:35:56.000Z,JEDDAH,SAU,2.63
9297541,2025-10-08T21:17:16.000Z,SUEZ,EGY,31.698055555555555
9297541,2025-10-24T14:17:35.000Z,UST LUGA,RUS,39.17527777777778
9297541,2025-11-11T22:15:59.000Z,PORT SAID,EGY,6.4175
9297541,2025-11-22T20:30:24.000Z,SIKKA,IND,100.58305555555556
9297541,2025-11-27T01:15:06.000Z,SIKKA,IND,36.670833333333334
9297541,2025-12-07T04:54:29.000Z,SUEZ,EGY,96.80722222222222
9297541,2025-12-29T22:40:23.000Z,UST LUGA,RUS,37.265277777777776
9412452,2024-12-08T20:16:01.000Z,ROTTERDAM,NLD,652.7816666666666
9412452,2025-01-01T17:01:48.000Z,ROSTOCK,DEU,118.72222222222223
9412452,2025-01-09T13:59:52.000Z,GOTHENBURG,SWE,150.91944444444445
9412452,2025-01-19T13:04:59.000Z,UST LUGA,RUS,49.282222222222224
9412452,2025-02-05T15:12:24.000Z,MALTA,MLT,24.503611111111113
9412452,2025-02-09T18:52:16.000Z,PORT SAID,EGY,9.53111111111111
9412452,2025-02-28T05:40:58.000Z,SINGAPORE,IDN,63.386944444444445
9412452,2025-03-04T11:32:03.000Z,SINGAPORE,MYS,22.620833333333334
9412452,2025-03-23T17:12:51.000Z,SUEZ,EGY,13.286111111111111
9412452,2025-04-11T23:32:44.000Z,PRIMORSK,RUS,32.53888888888889
9412452,2025-04-30T00:38:09.000Z,PORT SAID,EGY,27.719166666666666
9412452,2025-05-01T17:54:53.000Z,SUEZ,EGY,45.492222222222225
9412452,2025-05-14T05:18:06.000Z,VADINAR,IND,91.23527777777778
9412452,2025-05-29T13:05:46.000Z,SUEZ,EGY,15.385833333333334
9412452,2025-07-19T13:04:31.000Z,MUNDRA,IND,101.345
9412452,2025-07-23T18:50:51.000Z,VADINAR,IND,46.09638888888889
9412452,2025-08-01T04:38:27.000Z,KHAWR FAKKAN,ARE,292.0722222222222
9412452,2025-08-14T19:01:13.000Z,BAHRAIN,BHR,263.3952777777778
9412452,2025-08-27T06:14:08.000Z,BAHRAIN,BHR,413.57055555555553
9412452,2025-09-13T12:45:03.000Z,BAHRAIN,BHR,3.718611111111111
9412452,2025-09-24T05:50:52.000Z,SUEZ,EGY,25.288055555555555
9412452,2025-09-28T17:30:37.000Z,MALTA,MLT,22.153055555555557
9412452,2025-10-14T06:01:06.000Z,UST LUGA,RUS,29.27111111111111
9412452,2025-10-15T11:58:21.000Z,UST LUGA,RUS,47.471111111111114
9412452,2025-11-05T05:16:12.000Z,PORT SAID,EGY,23.258055555555554
9412452,2025-11-06T18:15:57.000Z,SUEZ,EGY,19.898888888888887
9412452,2025-11-17T23:30:58.000Z,VADINAR,IND,183.23
9412452,2025-12-04T22:03:04.000Z,SUEZ,EGY,204.6688888888889
9412452,2025-12-05T17:25:10.000Z,ATHENES,EGY,17.913611111111113
9412452,2025-12-24T05:25:09.000Z,PRIMORSK,RUS,47.368611111111115
9412452,2025-12-26T06:14:05.000Z,PRIMORSK,RUS,488.02194444444444
9384564,2025-01-01T14:25:46.000Z,SKIKDA,DZA,52.79083333333333
9384564,2025-01-21T07:10:19.000Z,RIVERHEAD,USA,89.9186111111111
9384564,2025-02-24T00:28:50.000Z,GOLA,USA,188.29694444444445
9384564,2025-03-24T14:16:35.000Z,GIBRALTAR,GIB,53.42666666666667
9384564,2025-03-26T15:51:24.000Z,GIBRALTAR,GIB,332.9025
9384564,2025-04-16T01:44:48.000Z,COPENHAGEN,DNK,20.955
9384564,2025-04-20T06:25:55.000Z,UST LUGA,RUS,78.06194444444445
9384564,2025-06-01T03:50:57.000Z,PORT LOUIS,MUS,18.474444444444444
9384564,2025-06-15T07:33:23.000Z,SINGAPORE,SGP,119.07333333333334
9384564,2025-07-04T23:19:13.000Z,KOZMINO,RUS,32.8725
9384564,2025-07-12T09:53:37.000Z,HUIZHOU,CHN,20.85527777777778
9384564,2025-07-13T06:57:34.000Z,HUIZHOU,CHN,47.257777777777775
9384564,2025-07-20T23:19:57.000Z,KOZMINO,RUS,33.35944444444444
9384564,2025-07-24T08:22:33.000Z,BUSAN,KOR,7.332777777777777
9384564,2025-07-27T08:03:21.000Z,TIANJIN,CHN,134.68194444444444
9384564,2025-08-15T02:21:42.000Z,LONGKOU,CHN,55.33888888888889
9384564,2025-08-25T02:56:11.000Z,KOZMINO,RUS,39.79138888888889
9384564,2025-08-28T20:07:45.000Z,BUSAN,KOR,7.6675
9384564,2025-08-31T04:12:38.000Z,RIZHAO CHINA,CHN,21.094444444444445
9384564,2025-09-01T03:00:12.000Z,LANSHAN,CHN,56.35916666666667
9384564,2025-10-01T00:01:04.000Z,KOZMINO,RUS,2.153611111111111
9384564,2025-10-01T02:43:36.000Z,NAKHODKA,RUS,34.29055555555556
9384564,2025-10-04T14:38:43.000Z,BUSAN,KOR,6.7175
9384564,2025-10-07T20:21:58.000Z,C F D,CHN,101.98055555555555
9384564,2025-10-25T18:34:05.000Z,KOZMINO,RUS,16.413888888888888
9384564,2025-11-08T14:54:48.000Z,TIAN JIN,CHN,173.0625
9384564,2025-11-17T23:04:02.000Z,BUSAN,KOR,10.800833333333333
9384564,2025-11-21T06:51:44.000Z,YINGKOU,CHN,42.82833333333333
9384564,2025-12-06T04:39:04.000Z,LONGKOU CHINA,CHN,48.994166666666665
9384564,2025-12-10T21:29:39.000Z,BUSAN,KOR,14.546388888888888
9384564,2025-12-16T04:41:55.000Z,KOZMINO,RUS,32.4325
9384564,2025-12-17T14:27:38.000Z,NAKHODKA,RUS,7.676388888888889
9384564,2025-12-17T23:14:38.000Z,NAKHODKA,RUS,7.123333333333333
9384564,2025-12-24T04:33:14.000Z,LONGKOU CHINA,CHN,49.03194444444444
9358412,2025-01-27T23:08:07.000Z,ROTTERDAM,NLD,2.571388888888889
9358412,2025-02-14T21:18:05.000Z,SANTOS,BRA,48.17944444444444
9358412,2025-02-16T22:24:31.000Z,SANTOS,BRA,76.49527777777777
9358412,2025-02-20T14:40:04.000Z,ANGRA DOS REIS,BRA,65.09666666666666
9358412,2025-03-25T12:27:20.000Z,B B,SGP,296.4166666666667
9358412,2025-04-11T17:10:21.000Z,GUANGZHOU CN,CHN,51.69361111111111
9358412,2025-04-20T23:49:54.000Z,KIMANIS,MYS,26.97833333333333
9358412,2025-04-29T17:49:23.000Z,SRIRACHA,THA,39.437222222222225
9358412,2025-05-09T02:00:38.000Z,LINGGI,MYS,66.08888888888889
9358412,2025-05-15T06:46:34.000Z,TH LCH,THA,19.751944444444444
9358412,2025-05-20T13:42:46.000Z,EOPL,MYS,41.977222222222224
9358412,2025-05-22T05:07:26.000Z,SINGAPORE,SGP,73.75833333333334
9358412,2025-06-01T22:36:50.000Z,BUSAN,KOR,9.893611111111111
9358412,2025-06-07T23:30:48.000Z,KOZMINO,RUS,27.611944444444443
9358412,2025-06-13T02:50:23.000Z,LONGKOU,CHN,46.864444444444445
9358412,2025-06-23T03:10:27.000Z,KOZMINO,RUS,47.99305555555556
9358412,2025-07-17T13:18:34.000Z,SIKKA,IND,108.19277777777778
9358412,2025-07-31T11:01:26.000Z,SINGAPORE,SGP,17.491944444444446
9358412,2025-08-16T08:01:32.000Z,NAKHODKA,RUS,13.397222222222222
9358412,2025-09-02T23:23:11.000Z,TIANJIN,CHN,67.93972222222222
9358412,2025-10-06T02:05:51.000Z,NAKHODKA,RUS,13.073888888888888
9358412,2025-10-06T16:44:25.000Z,VOSTOCHNY,RUS,1.4272222222222222
9358412,2025-10-12T01:42:49.000Z,NINGBO,CHN,96.33833333333334
9358412,2025-10-19T23:22:48.000Z,KOZMINO,RUS,30.704166666666666
9358412,2025-11-08T15:15:52.000Z,CAO FEI DIAN,CHN,75.5513888888889
9358412,2025-11-14T09:55:56.000Z,BUSAN,KOR,15.440833333333334
9358412,2025-12-18T07:38:05.000Z,ZHOUSHAN,CHN,217.12833333333333
9408683,2025-01-01T23:25:15.000Z,CHIRIQUI GRANDE,PAN,54.28138888888889
9408683,2025-02-02T19:29:37.000Z,ROTTERDAM,NLD,6.985833333333333
9408683,2025-02-03T05:43:50.000Z,ROTTERDAM,NLD,39.31777777777778
9408683,2025-02-14T22:12:57.000Z,CANAKKALE,TUR,131.125
9408683,2025-03-01T15:14:31.000Z,NOVOROSSIYSK,RUS,1.4675
9408683,2025-03-01T16:51:49.000Z,NOVOROSSIYSK,RUS,32.19833333333333
9408683,2025-03-17T20:25:02.000Z,LAS PALMAS,ESP,51.58277777777778
9408683,2025-05-03T23:56:41.000Z,YOSU,KOR,188.8763888888889
9408683,2025-05-15T09:04:10.000Z,COASTAL,SGP,458.06194444444446
9408683,2025-05-16T03:19:14.000Z,YEOSU,KOR,131.01222222222222
9408683,2025-05-25T23:30:47.000Z,KOZMINO,RUS,31.935555555555556
9408683,2025-05-31T05:40:08.000Z,YOSU,KOR,64.55666666666667
9408683,2025-06-09T06:39:55.000Z,KOZMINO,RUS,37.27527777777778
9408683,2025-06-21T20:29:46.000Z,SINGAPORE,MYS,34.07472222222222
9408683,2025-06-29T09:54:36.000Z,PARADIP,IND,59.235
9408683,2025-07-20T05:40:36.000Z,SUEZ,EGY,23.028333333333332
9408683,2025-08-06T02:20:01.000Z,EOPL,MYS,24.736944444444443
9408683,2025-08-06T07:28:30.000Z,NOVOROSSIYSK,RUS,10.289166666666667
9408683,2025-08-12T02:57:53.000Z,DILISKELESI,TUR,12.039722222222222
9408683,2025-08-12T21:56:49.000Z,GELIBOLU,TUR,29.615
9408683,2025-08-16T14:20:17.000Z,PORT SAID,EGY,13.1025
9408683,2025-08-27T11:11:44.000Z,SIKKA,IND,89.265
9408683,2025-09-10T06:02:46.000Z,SUEZ,EGY,23.505277777777778
9408683,2025-09-13T20:13:44.000Z,NOVOROSSIYSK,TUR,31.08861111111111
9408683,2025-09-25T22:12:55.000Z,GELIBOLU,TUR,36.58138888888889
9408683,2025-09-30T06:00:32.000Z,PORT SAID,EGY,21.875
9408683,2025-10-12T08:47:15.000Z,KOCHI,IND,87.21444444444444
9408683,2025-10-26T05:21:24.000Z,SUEZ,EGY,24.02111111111111
9408683,2025-10-29T16:41:32.000Z,NOVOROSSIYSK,TUR,37.047777777777775
9408683,2025-11-23T14:12:05.000Z,AZOV,RUS,20.221944444444443
9408683,2025-11-28T21:52:31.000Z,TRIESTE ITALY,TUR,52.721944444444446
9408683,2025-12-03T14:02:09.000Z,PORT SAID,EGY,21.282222222222224
9389071,2025-01-02T18:58:49.000Z,DOS BOCAS,MEX,27.28361111111111
9389071,2025-01-21T07:53:11.000Z,CARTAGENA,ESP,34.77527777777778
9389071,2025-01-24T20:40:31.000Z,GIBRALTAR,GIB,10.153055555555556
9389071,2025-01-31T22:26:20.000Z,TARRAGONA,ESP,159.1161111111111
9389071,2025-02-12T17:59:35.000Z,PORT SAID,EGY,13.669722222222223
9389071,2025-02-22T21:04:51.000Z,FUJAIRAH,ARE,91.04555555555555
9389071,2025-02-26T16:27:00.000Z,FUJAIRAH,ARE,54.55361111111111
9389071,2025-02-28T23:19:48.000Z,FUJAIRAH,ARE,496.95916666666665
9389071,2025-03-22T09:04:31.000Z,FUJAIRAH,ARE,127.34722222222223
9389071,2025-04-05T16:51:34.000Z,SUEZ,EGY,12.131666666666666
9389071,2025-05-19T16:02:04.000Z,SUEZ,EGY,14.731944444444444
9389071,2025-05-24T04:36:48.000Z,OPL MALTA,MLT,10.376388888888888
9389071,2025-05-24T15:51:01.000Z,MALTA,MLT,19.61722222222222
9389071,2025-05-26T16:44:44.000Z,MALTA,MLT,23.076944444444443
9389071,2025-06-09T16:42:48.000Z,PRIMORSK,RUS,11.051111111111112
9389071,2025-06-10T17:20:32.000Z,PRIMORSK,RUS,2.069722222222222
9389071,2025-06-10T21:40:55.000Z,PRIMORSK,RUS,20.255
9389071,2025-06-28T21:15:27.000Z,PORT SAID,EGY,30.490833333333335
9389071,2025-07-23T13:10:30.000Z,JEDDAH,SAU,27.559722222222224
9389071,2025-07-26T17:38:41.000Z,SUEZ,EGY,82.03027777777778
9389071,2025-08-14T21:00:07.000Z,PRIMORSK,RUS,55.47888888888889
9389071,2025-09-01T19:31:55.000Z,ALIAGA,TUR,118.82805555555555
9389071,2025-09-06T18:47:07.000Z,ALIAGA,TUR,24.885833333333334
9389071,2025-11-09T00:14:34.000Z,PRIMORSK,RUS,52.155277777777776
9389071,2025-11-11T06:31:27.000Z,PRIMORSK,RUS,29.570555555555554
9389071,2025-11-29T05:51:04.000Z,PORT SAID,EGY,22.55611111111111
9389071,2025-12-03T06:48:58.000Z,SUEZ,EGY,6.048055555555556
9389071,2025-12-03T15:15:01.000Z,SUEZ,EGY,20.321944444444444
9389071,2025-12-04T13:57:19.000Z,SUEZ,EGY,356.27
9389071,2025-12-26T22:02:32.000Z,YESILKOY,TUR,10.2925
9389071,2025-12-27T11:26:22.000Z,YALOVA,TUR,659.0852777777778
9389083,2025-01-01T21:17:35.000Z,HOUSTON,USA,186.575
9389083,2025-01-10T23:06:55.000Z,HOUSTON,USA,66.63944444444445
9389083,2025-01-18T09:38:54.000Z,HOUSTON,USA,3.7488888888888887
9389083,2025-01-18T13:33:57.000Z,HOUSTON,USA,12.083333333333334
9389083,2025-02-10T05:12:45.000Z,PAJARITOS,MEX,249.1786111111111
9389083,2025-02-22T14:40:22.000Z,PAJARITOS,MEX,129.04416666666665
9389083,2025-02-27T23:50:29.000Z,COATZACOALCOS,MEX,197.67083333333332
9389083,2025-03-24T07:07:51.000Z,LA CORUNA,ESP,39.76138888888889
9389083,2025-03-28T00:40:00.000Z,AE,FRA,328.01
9389083,2025-04-10T16:45:37.000Z,LE HAVRE,FRA,125.74583333333334
9389083,2025-04-15T18:59:20.000Z,LE HAVRE,FRA,70.25555555555556
9389083,2025-04-26T00:05:49.000Z,PRIMORSK,RUS,152.97694444444446
9389083,2025-05-03T07:21:15.000Z,PRIMORSK,RUS,25.711388888888887
9389083,2025-05-04T11:57:22.000Z,PRIMORSK,RUS,30.15861111111111
9389083,2025-05-21T22:30:07.000Z,PORT SAID,EGY,28.695833333333333
9389083,2025-05-23T16:17:32.000Z,SUEZ,EGY,6.130833333333333
9389083,2025-06-03T23:39:37.000Z,VADINAR,IND,156.2447222222222
9389083,2025-06-20T21:53:04.000Z,SUEZ,EGY,31.4225
9389083,2025-08-02T14:05:37.000Z,PORT SAID,EGY,19.294444444444444
9389083,2025-08-03T22:38:54.000Z,SUEZ,EGY,143.2252777777778
9389083,2025-08-19T01:30:01.000Z,VADINAR,IND,33.50611111111111
9389083,2025-08-29T22:34:57.000Z,B B,SGP,27.933888888888887
9389083,2025-09-17T23:33:07.000Z,NINGBO,CHN,53.56527777777778
9389083,2025-10-05T05:57:54.000Z,TIANJIN,CHN,64.7325
9389083,2025-10-10T11:31:17.000Z,YOSU,KOR,9.073055555555555
9389083,2025-10-13T04:19:00.000Z,KOZMINO,RUS,8.524722222222222
9389083,2025-10-13T23:36:25.000Z,NAKHODKA,RUS,20.700277777777778
9389083,2025-11-04T22:09:29.000Z,NINGBO,CHN,84.54305555555555
9389083,2025-11-26T07:10:40.000Z,PARADIP,IND,34.07888888888889
9389083,2025-12-15T05:58:30.000Z,SUEZ,EGY,74.31527777777778
9402328,2025-01-03T06:16:55.000Z,GEELONG,AUS,66.25083333333333
9402328,2025-01-10T23:20:38.000Z,HASTINGS,AUS,39.169444444444444
9402328,2025-01-31T06:00:02.000Z,DANGJIN KR,KOR,38.00333333333333
9402328,2025-02-01T21:33:14.000Z,INCHEON,KOR,203.93833333333333
9402328,2025-02-20T03:30:24.000Z,LABUAN,MYS,22.858055555555556
9402328,2025-02-27T23:03:16.000Z,LAEM CHABANG,THA,50.87305555555555
9402328,2025-03-03T17:48:30.000Z,TH LCH,THA,62.19972222222222
9402328,2025-03-08T10:11:28.000Z,SRIRACHA,THA,0.7122222222222222
9402328,2025-03-18T20:56:13.000Z,YOSU,KOR,17.56138888888889
9402328,2025-03-23T06:23:54.000Z,KOZMINO,RUS,27.88222222222222
9402328,2025-03-28T13:33:47.000Z,DALIAN CHINA,CHN,116.50916666666667
9402328,2025-04-13T11:36:07.000Z,KOZMINO,RUS,34.86138888888889
9402328,2025-04-19T05:31:28.000Z,LONGKOU,CHN,46.94305555555555
9402328,2025-04-23T11:05:00.000Z,BUSAN,KOR,9.880555555555556
9402328,2025-04-26T16:45:28.000Z,KOZMINO,RUS,33.56333333333333
9402328,2025-05-02T01:20:19.000Z,DALIAN,CHN,89.65833333333333
9402328,2025-05-12T07:59:36.000Z,KOZMINO,RUS,29.09111111111111
9402328,2025-05-17T06:17:26.000Z,LANSHAN,CHN,65.04611111111112
9402328,2025-05-26T23:23:00.000Z,KOZMINO,RUS,32.325
9402328,2025-06-01T06:15:51.000Z,DA LIAN,CHN,42.11083333333333
9402328,2025-06-04T22:13:19.000Z,BUSAN,KOR,8.991388888888888
9402328,2025-06-10T23:30:38.000Z,KOZMINO,RUS,31.026666666666667
9402328,2025-06-17T06:09:17.000Z,LONGKOU,CHN,49.28861111111111
9402328,2025-06-29T10:15:03.000Z,KOZMINO,RUS,33.492222222222225
9402328,2025-07-05T05:47:27.000Z,LONGKOU CHINA,CHN,46.64805555555556
9402328,2025-07-10T21:27:54.000Z,DALIAN,CHN,14.1975
9402328,2025-07-11T22:57:59.000Z,DA LIAN,CHN,801.1475
9402328,2025-08-16T12:32:21.000Z,BUSAN,KOR,11.964166666666667
9402328,2025-08-20T23:30:08.000Z,KOZMINO,RUS,32.83111111111111
9402328,2025-08-26T02:00:56.000Z,QINGDAO,CHN,51.25194444444445
9402328,2025-09-01T16:53:08.000Z,KOZMINO,RUS,9.809722222222222
9402328,2025-09-07T20:18:59.000Z,CAO FEI DIAN,CHN,66.91583333333334
9402328,2025-09-24T15:28:59.000Z,KOZMINO,RUS,54.52861111111111
9402328,2025-09-30T22:42:13.000Z,NINGBO,CHN,57.68416666666667
9402328,2025-10-08T23:38:59.000Z,KOZMINO,RUS,34.73694444444445
9402328,2025-10-17T02:10:44.000Z,DONGYING CHINA,CHN,75.54138888888889
9402328,2025-10-25T09:01:11.000Z,BUSAN,KOR,42.29694444444444
9402328,2025-10-28T21:49:32.000Z,KOZMINO,RUS,79.1588888888889
9402328,2025-11-06T01:11:10.000Z,LONGKOU CHINA,CHN,51.132222222222225
9402328,2025-11-13T21:46:24.000Z,NAKHODKA,RUS,20.162222222222223
9402328,2025-11-20T03:15:26.000Z,LONGKOU,CHN,26.7325
9402328,2025-11-22T07:36:57.000Z,LONGKOU,CHN,1.1733333333333333
9402328,2025-11-26T17:25:07.000Z,KOZMINO,RUS,44.80277777777778
9402328,2025-12-04T00:09:25.000Z,LONGKOU,CHN,53.21527777777778
9402328,2025-12-13T12:10:09.000Z,KOZMINO,RUS,34.74444444444445
9402328,2025-12-22T02:07:34.000Z,LONGKOU,CHN,47.92916666666667
9402328,2025-12-30T12:15:05.000Z,KOZMINO,RUS,117.58472222222223
9337341,2024-12-30T11:55:02.000Z,BAHRAIN,IRQ,281.72277777777776
9337341,2025-01-11T08:55:03.000Z,DUBAI,IRQ,490.64722222222224
9337341,2025-02-02T14:08:26.000Z,RUWAIS,ARE,314.24083333333334
9337341,2025-02-15T17:34:08.000Z,RUWAIS,ARE,62.92722222222222
9337341,2025-02-18T09:39:48.000Z,RUWAIS,ARE,23.358055555555556
9337341,2025-02-25T16:52:29.000Z,UMM QASR,IRQ,49.12611111111111
9337341,2025-03-02T04:05:09.000Z,FUJAIRAH,ARE,11.079444444444444
9337341,2025-03-15T16:34:57.000Z,B B,SGP,221.9152777777778
9337341,2025-03-25T07:58:55.000Z,TANJUNG BRUAS,MYS,359.31888888888886
9337341,2025-04-30T14:58:40.000Z,UMM QASR,IRQ,40.69
9337341,2025-05-04T05:04:11.000Z,RUWAIS,ARE,104.01666666666667
9337341,2025-05-08T14:19:07.000Z,RUWAIS,ARE,43.4275
9337341,2025-05-17T15:16:15.000Z,UMM QASR,IRQ,155.51083333333332
9337341,2025-05-26T00:42:57.000Z,RUWAIS,ARE,21.203611111111112
9337341,2025-05-26T23:13:43.000Z,RUWAIS,ARE,42.551944444444445
9337341,2025-05-28T19:10:59.000Z,RUWAIS,ARE,219.48777777777778
9337341,2025-06-06T23:44:30.000Z,RUWAIS,ARE,85.04805555555555
9337341,2025-06-12T01:43:19.000Z,FUJAIRAH,ARE,18.905833333333334
9337341,2025-06-25T20:08:30.000Z,TANJUNG PELEPAS,MYS,98.95305555555555
9337341,2025-06-30T04:04:52.000Z,B B,SGP,75.23027777777777
9337341,2025-07-03T11:45:27.000Z,SINGAPORE,SGP,92.18
9337341,2025-07-18T08:32:35.000Z,KOZMINO,RUS,37.87361111111111
9337341,2025-07-25T03:44:39.000Z,LONGKOU,CHN,46.955
9337341,2025-08-13T11:21:00.000Z,CN LSN,CHN,61.34027777777778
9337341,2025-08-23T04:07:11.000Z,KOZMINO,RUS,29.808888888888887
9337341,2025-08-29T00:44:46.000Z,JIE YANG,CHN,47.408055555555556
9337341,2025-09-03T05:11:22.000Z,NINGBO,CHN,77.51722222222222
9337341,2025-09-06T15:19:43.000Z,ZHOU SHAN,CHN,422.65694444444443
9337341,2025-09-24T10:15:22.000Z,ZHOU SHAN,CHN,19.945555555555554
9337341,2025-10-06T23:34:44.000Z,KOZMINO,RUS,25.33861111111111
9337341,2025-11-04T05:59:46.000Z,LONGKOU,CHN,75.6675
9337341,2025-11-11T10:55:14.000Z,KOZMINO,RUS,3.035833333333333
9337341,2025-11-11T21:13:43.000Z,VOSTOCHNY,RUS,22.73638888888889
9337341,2025-11-23T05:51:05.000Z,SINGAPORE,MYS,25.11611111111111
9337341,2025-12-04T05:37:09.000Z,SIKKA,IND,25.44972222222222
9337341,2025-12-05T08:09:29.000Z,RPTL,IND,23.279166666666665
9337341,2025-12-15T17:15:54.000Z,B B,SGP,21.381666666666668
9337341,2025-12-28T09:26:36.000Z,KOZMINO,RUS,1.7258333333333333
9337341,2025-12-29T22:40:10.000Z,NAKHODKA,RUS,14.5425
9233777,2025-01-06T08:56:41.000Z,NOVOROSSIYSK,RUS,39.11388888888889
9233777,2025-01-08T03:56:45.000Z,NOVOROSSIYSK,RUS,56.81444444444445
9233777,2025-01-15T04:57:47.000Z,GELIBOLU,TUR,93.71083333333333
9233777,2025-01-21T15:11:44.000Z,PORT SAID,EGY,15.017777777777777
9233777,2025-02-03T00:50:31.000Z,NEW MANGALORE,IND,54.746944444444445
9233777,2025-02-15T12:57:01.000Z,SUEZ,EGY,21.052222222222223
9233777,2025-03-07T13:33:12.000Z,NOVOROSSIYSK,RUS,61.17916666666667
9233777,2025-03-11T11:07:22.000Z,,TUR,5.156666666666666
9233777,2025-03-11T22:58:45.000Z,GELIBOLU,TUR,80.83194444444445
9233777,2025-03-17T16:20:35.000Z,PORT SAID,EGY,11.154444444444444
9233777,2025-03-28T13:22:14.000Z,VADINAR,IND,67.525
9233777,2025-05-12T11:38:27.000Z,SUEZ,EGY,66.56083333333333
9233777,2025-05-22T12:09:57.000Z,PORT SAID,EGY,15.738333333333333
9233777,2025-05-23T14:40:32.000Z,ATHENES,EGY,5.284722222222222
9233777,2025-05-25T23:10:02.000Z,JEDDAH,SAU,20.590833333333332
9233777,2025-06-03T12:06:27.000Z,SIKKA,IND,134.4152777777778
9233777,2025-06-26T04:08:33.000Z,SUEZ,EGY,25.649166666666666
9233777,2025-07-11T15:36:47.000Z,KALAMATA,GRC,22.95916666666667
9233777,2025-07-28T11:15:16.000Z,PRIMORSK,RUS,13.551666666666666
9233777,2025-07-29T02:20:03.000Z,PRIMORSK,RUS,34.47527777777778
9233777,2025-08-14T15:17:13.000Z,ALIAGA,TUR,25.201666666666668
9233777,2025-08-15T16:45:46.000Z,ALIAGA,TUR,60.786944444444444
9233777,2025-08-20T07:48:27.000Z,MALTA,MLT,19.07638888888889
9233777,2025-09-02T17:55:08.000Z,PRIMORSK,RUS,75.06222222222222
9233777,2025-09-05T23:15:16.000Z,PRIMORSK,RUS,84.05166666666666
9233777,2025-09-24T15:20:21.000Z,ALIAGA,TUR,19.753611111111113
9233777,2025-09-25T11:13:45.000Z,ALIAGA,TUR,50.43888888888889
9233777,2025-09-29T15:08:57.000Z,MALTA OPL,MLT,24.23611111111111
9233777,2025-10-15T07:45:01.000Z,PRIMORSK,RUS,68.15416666666667
9233777,2025-11-04T16:23:37.000Z,ALIAGA,TUR,72.76583333333333
9233777,2025-11-08T03:46:30.000Z,NOVOROSSIYSK,TUR,70.99277777777777
9233777,2025-11-11T15:38:59.000Z,YESILKOY,TUR,26.229166666666668
9233777,2025-11-22T10:15:43.000Z,NOVOROSSIYSK,RUS,52.62583333333333
9233777,2025-11-27T21:40:11.000Z,GELIBOLU,TUR,33.64333333333333
9233777,2025-12-01T17:21:01.000Z,PORT SAID,EGY,13.387777777777778
9821469,2024-12-13T08:54:01.000Z,AMBARLI,TUR,2765.7672222222222
9821469,2025-04-07T18:22:26.000Z,TUZLA,TUR,541.5175
9821469,2025-04-30T09:16:39.000Z,TUZLA,TUR,7.5983333333333345
9821469,2025-04-30T18:13:59.000Z,NOVOROSSIYSK,TUR,167.7275
9821469,2025-05-08T01:19:59.000Z,GELIBOLU,TUR,12.978333333333333
9821469,2025-05-12T05:00:06.000Z,MERSIN,TUR,53.84361111111111
9821469,2025-05-17T08:39:59.000Z,AGIOI THEODOROI,GRC,126.90277777777777
9821469,2025-05-24T06:45:03.000Z,AMBARLI,TUR,12.540555555555555
9821469,2025-05-26T17:26:36.000Z,TAMAN,RUS,55.044444444444444
9821469,2025-05-29T03:25:06.000Z,AZOV,RUS,18.279722222222222
9821469,2025-05-29T23:05:08.000Z,AZOV,RUS,10.118611111111111
9821469,2025-05-30T12:26:58.000Z,ADMK,RUS,64.67527777777778
9821469,2025-06-06T07:14:53.000Z,,TUR,13.5775
9821469,2025-06-08T07:19:13.000Z,CASABLANCA,GRC,10.3525
9821469,2025-06-10T14:12:16.000Z,MERSIN,TUR,66.48527777777778
9821469,2025-06-15T22:37:46.000Z,DARDANELLES,TUR,6.5725
9821469,2025-06-16T21:18:41.000Z,AMBARLI,TUR,65.05555555555556
9821469,2025-06-22T15:16:42.000Z,MARMARA EREGLISI,TUR,25.421944444444446
9821469,2025-06-23T20:04:45.000Z,YESILKOY,TUR,45.05277777777778
9821469,2025-06-26T08:55:01.000Z,BURGAS,BGR,51.98888888888889
9821469,2025-06-28T22:56:41.000Z,JORF LASFAR,TUR,26.03
9821469,2025-06-30T04:43:30.000Z,MARMARA EREGLISI,TUR,35.95194444444444
9821469,2025-07-01T21:29:46.000Z,GELIBOLU,TUR,68.31444444444445
9821469,2025-07-06T14:37:29.000Z,KALI LIMENES,GRC,23.461944444444445
9821469,2025-07-09T09:43:49.000Z,DARDANELLES,TUR,1.6480555555555556
9821469,2025-07-10T03:29:27.000Z,AMBARLI,TUR,741.5344444444445
9821469,2025-08-11T14:43:51.000Z,TURKELI,TUR,14.383333333333333
9821469,2025-08-12T07:42:53.000Z,YALOVA,TUR,151.37055555555557
9821469,2025-08-18T18:09:08.000Z,AMBARLI,TUR,165.57583333333332
9821469,2025-08-28T03:07:47.000Z,NOVOROSSIYSK,TUR,30.181944444444444
9821469,2025-09-11T19:27:15.000Z,DILISKELESI,TUR,11.786111111111111
9821469,2025-09-12T09:54:44.000Z,YALOVA,TUR,61.778055555555554
9821469,2025-09-15T02:58:51.000Z,AMBARLI,TUR,22.2175
9821469,2025-09-17T11:26:15.000Z,MIDIA,ROU,5.309722222222222
9821469,2025-09-17T19:30:09.000Z,MIDIA ROMANIA,ROU,40.166111111111114
9821469,2025-09-22T07:45:18.000Z,BATUMI,GEO,37.674166666666665
9821469,2025-10-02T11:58:51.000Z,TAGANROG,RUS,5.1866666666666665
9821469,2025-10-09T13:50:09.000Z,VOLGODONSK,RUS,1.9224999999999999
9821469,2025-10-10T17:23:21.000Z,KAVKAZ,RUS,71.91111111111111
9274525,2024-12-19T01:00:21.000Z,BENGHAZI,LBY,331.11083333333335
9274525,2024-12-20T01:14:41.000Z,GIBRALTAR,GIB,688.6936111111111
9274525,2025-01-03T20:37:50.000Z,BIZERTE,TUN,461.3236111111111
9274525,2025-01-27T00:39:49.000Z,ISKENDERUN,TUR,609.0880555555556
9274525,2025-01-27T19:54:28.000Z,TALLINN,EST,9.975555555555555
9274525,2025-02-06T16:48:55.000Z,PRIMORSK,RUS,34.5275
9274525,2025-02-26T11:21:18.000Z,PORT SAID,EGY,17.391111111111112
9274525,2025-02-27T17:52:05.000Z,SUEZ,EGY,25.9225
9274525,2025-03-07T17:13:50.000Z,PORT SAID,EGY,10.229166666666666
9274525,2025-03-12T05:56:23.000Z,MUNDRA,IND,63.95472222222222
9274525,2025-03-18T13:15:25.000Z,FUJAIRAH,ARE,12.54
9274525,2025-03-23T17:07:18.000Z,FUJAIRAH,ARE,312.5997222222222
9274525,2025-04-15T10:27:32.000Z,SUEZ,EGY,19.330277777777777
9274525,2025-05-02T09:27:45.000Z,SOHAR,OMN,47.214166666666664
9274525,2025-05-06T06:58:28.000Z,UST LUGA,RUS,42.114444444444445
9274525,2025-05-16T20:42:55.000Z,SINGAPORE,SGP,17.27611111111111
9274525,2025-05-18T09:34:09.000Z,KUANTAN,MYS,173.00027777777777
9274525,2025-05-25T16:12:52.000Z,PORT SAID,EGY,12.151944444444444
9274525,2025-05-26T17:45:13.000Z,SUEZ,EGY,13.825277777777778
9274525,2025-06-11T14:41:18.000Z,CAILAN,VNM,154.10916666666665
9274525,2025-06-14T23:32:52.000Z,SINGAPORE,SGP,217.79722222222222
9274525,2025-06-24T02:11:24.000Z,TIANJIN,CHN,460.15972222222223
9274525,2025-06-24T08:57:04.000Z,B B,SGP,25.326944444444443
9274525,2025-07-15T11:03:17.000Z,SUEZ,EGY,18.984166666666667
9274525,2025-07-18T20:19:54.000Z,ZHA PU,CHN,11.162222222222223
9274525,2025-07-19T07:41:51.000Z,ZHOUSHANG,CHN,117.26777777777778
9274525,2025-08-03T12:51:07.000Z,PRIMORSK,RUS,615.0555555555555
9274525,2025-08-23T09:36:00.000Z,BALBOA,PAN,24.0275
9274525,2025-08-24T10:35:15.000Z,CRISTOBAL,PAN,4.388888888888889
9274525,2025-09-15T13:01:23.000Z,ANCHORAGE,SGP,173.3763888888889
9274525,2025-10-08T06:43:01.000Z,GEORGETOWN,GUY,776.0983333333334
9274525,2025-10-11T13:54:23.000Z,SUEZ,EGY,13.928611111111111
9274525,2025-11-03T05:10:30.000Z,UST LUGA,RUS,72.95277777777778
9274525,2025-11-10T14:05:17.000Z,PUERTO ORDAZ,VEN,79.41277777777778
9274525,2025-11-14T20:47:38.000Z,POINT LISAS,VEN,20.354444444444443
9274525,2025-11-16T05:22:01.000Z,ET BG II,VEN,445.1816666666667
9274525,2025-11-21T16:35:07.000Z,MALTA,MLT,75.91777777777777
9274525,2025-11-28T07:07:09.000Z,PORT SAID,EGY,32.11888888888889
9274525,2025-12-03T12:43:43.000Z,PORT SAID,EGY,21.760555555555555
9274525,2025-12-25T05:47:00.000Z,NIPAH ANCHORAGE,IDN,24.3525
9274525,2025-12-26T11:02:53.000Z,SINGAPORE,SGP,22.263333333333332
9306809,2025-01-02T20:14:10.000Z,DJIBOUTI,DJI,25.683333333333334
9306809,2025-01-06T05:18:01.000Z,JEDDAH,SAU,110.03472222222223
9306809,2025-01-12T19:35:18.000Z,SUEZ,EGY,90.31583333333333
9306809,2025-01-27T02:42:30.000Z,DUBAI D ANCHORAGE,ARE,13.364444444444445
9306809,2025-01-27T21:06:05.000Z,JEBEL ALI,ARE,74.53083333333333
9306809,2025-01-31T04:17:34.000Z,HAMRIYAH,ARE,30.579166666666666
9306809,2025-02-01T11:55:35.000Z,HAMRIYAH,ARE,50.630833333333335
9306809,2025-02-03T14:49:23.000Z,HAMRIYAH,ARE,10.933055555555555
9306809,2025-02-05T16:54:03.000Z,BASRAH,IRQ,7.964722222222222
9306809,2025-02-06T07:57:15.000Z,UMM QASR,IRQ,72.73083333333334
9306809,2025-02-11T22:43:50.000Z,KHAWR FAKKAN,ARE,37.90472222222222
9306809,2025-02-14T02:44:19.000Z,DUBAI D ANCHORAGE,ARE,35.69305555555555
9306809,2025-02-15T19:26:10.000Z,JEBEL ALI,ARE,40.335
9306809,2025-02-17T16:10:21.000Z,SHARJAH,ARE,91.61055555555555
9306809,2025-02-22T23:12:01.000Z,BASRAH,IRQ,109.91777777777777
9306809,2025-02-27T19:32:42.000Z,BAHRAIN,IRQ,116.59944444444444
9306809,2025-03-14T01:35:48.000Z,FUJAIRAH,ARE,35.303333333333335
9306809,2025-03-15T12:58:39.000Z,FUJAIRAH,ARE,86.02083333333333
9306809,2025-03-19T03:10:40.000Z,FUJAIRAH,ARE,39.269444444444446
9306809,2025-03-22T23:16:56.000Z,KARACHI,PAK,9.817777777777778
9306809,2025-03-23T09:36:00.000Z,KARACHI,PAK,74.375
9306809,2025-04-08T20:25:51.000Z,PORT KLANG,MYS,88.915
9306809,2025-04-23T06:52:45.000Z,FUJAIRAH,ARE,99.62083333333334
9306809,2025-04-27T12:07:29.000Z,FUJAIRAH,ARE,63.13583333333333
9306809,2025-05-18T13:23:02.000Z,SOHAR,OMN,143.99333333333334
9306809,2025-05-25T21:26:38.000Z,AE KLF,ARE,19.8525
9306809,2025-06-15T23:21:04.000Z,CN LYG,CHN,25.8625
9306809,2025-06-17T01:43:31.000Z,LIAN YUN GANG,CHN,45.72888888888889
9306809,2025-07-05T12:12:51.000Z,KOZMINO,RUS,275.9144444444444
9306809,2025-07-20T07:52:03.000Z,NANTONG CHINA,CHN,13.686666666666667
9306809,2025-07-20T23:54:05.000Z,SHANG HAI,CHN,4.889166666666667
9306809,2025-07-21T07:52:27.000Z,CN SHA,CHN,39.577777777777776
9306809,2025-07-23T02:05:05.000Z,SHANG HAI,CHN,112.44416666666666
9306809,2025-07-30T05:55:03.000Z,YOSU,KOR,9.439444444444444
9306809,2025-08-02T07:28:11.000Z,KOZMINO,RUS,58.355
9306809,2025-08-07T23:26:50.000Z,LOUJING CHINA,CHN,26.110555555555557
9306809,2025-08-09T03:54:56.000Z,SHANG HAI,CHN,77.98944444444444
9306809,2025-08-20T03:11:09.000Z,EOPL,MYS,19.602222222222224
9306809,2025-08-20T08:38:50.000Z,NIPA,IDN,83.01027777777777
9306809,2025-08-23T21:05:02.000Z,SINGAPORE,IDN,58.253055555555555
9306809,2025-08-26T09:10:24.000Z,SINGAPORE,IDN,171.71583333333334
9306809,2025-09-14T08:15:04.000Z,SOHAR,OMN,124.29222222222222
9306809,2025-09-21T06:20:10.000Z,KHAWR FAKKAN,ARE,8.412222222222223
9306809,2025-09-27T07:16:20.000Z,SOHAR,OMN,226.37277777777777
9306809,2025-11-03T20:49:10.000Z,NINGBO,CHN,59.03611111111111
9306809,2025-11-08T08:19:14.000Z,ZHOUSHANG,CHN,65.99694444444444
9306809,2025-11-15T07:15:08.000Z,KOZMINO,RUS,86.17972222222222
9306809,2025-12-05T22:18:37.000Z,NAKHODKA,RUS,9.451666666666666
9306809,2025-12-06T08:23:02.000Z,NAKHODKA,RUS,72.42722222222223
9306809,2025-12-14T01:26:17.000Z,TAICHUNG,TWN,54.3075
9306809,2025-12-21T20:05:50.000Z,SINGAPORE,MYS,20.02166666666667
9037123,2024-12-31T02:18:11.000Z,LANSHAN CHINA,CHN,48.37638888888889
9037123,2025-02-06T16:45:04.000Z,JP RMI OFF,JPN,17.00027777777778
9037123,2025-02-14T02:45:23.000Z,YOSU,KOR,53.446666666666665
9037123,2025-02-26T10:45:17.000Z,JP RMI OFF,JPN,13.831111111111111
9037123,2025-03-08T05:00:28.000Z,NINGBO,CHN,54.48388888888889
9037123,2025-03-12T14:13:47.000Z,BUSAN,KOR,9.599444444444444
9037123,2025-03-21T16:05:10.000Z,JP RMI OFF,JPN,18.927222222222223
9037123,2025-04-01T18:09:25.000Z,ZHAN JIANG,CHN,13.350555555555555
9037123,2025-04-02T09:18:06.000Z,ZHAN JIANG,CHN,98.32888888888888
9037123,2025-04-13T09:21:31.000Z,YOSU,KOR,24.65
9037123,2025-05-19T11:53:27.000Z,KOZMINO,RUS,76.06305555555555
9037123,2025-05-28T05:23:49.000Z,OU,CHN,51.16138888888889
9037123,2025-06-04T07:12:25.000Z,KOZMINO,RUS,62.445
9037123,2025-06-12T04:54:32.000Z,OU,CHN,52.58611111111111
9037123,2025-06-19T12:30:32.000Z,KOZMINO,RUS,138.06083333333333
9037123,2025-07-02T03:33:40.000Z,NINGBO,CHN,80.43388888888889
9037123,2025-07-07T14:10:29.000Z,BUSAN,KOR,5.9511111111111115
9037123,2025-08-01T11:35:01.000Z,KOZMINO,RUS,64.8925
9037123,2025-08-10T07:44:58.000Z,DONG YING,CHN,99.0975
9037123,2025-08-17T11:14:27.000Z,BUSAN,KOR,16.583333333333332
9037123,2025-08-22T21:04:55.000Z,VANINO,RUS,79.50555555555556
9037123,2025-09-10T08:25:14.000Z,LAI ZHOU,CHN,46.52333333333333
9037123,2025-09-25T15:18:44.000Z,BUSAN,KOR,11.799444444444445
9037123,2025-10-09T00:26:08.000Z,VANINO,RUS,53.40694444444444
9037123,2025-10-17T06:50:08.000Z,YOSU SOUTH KOREA,KOR,65.95138888888889
9037123,2025-10-25T22:50:47.000Z,RU VNN,RUS,53.87638888888889
9037123,2025-11-07T11:55:52.000Z,LAIZHOU,CHN,648.5716666666667
9037123,2025-12-15T06:09:49.000Z,YOSU,KOR,23.377777777777776
9037123,2025-12-26T01:44:53.000Z,LAI ZHOU,CHN,74.3463888888889
9430272,2025-01-03T14:16:53.000Z,VYSOTSK,RUS,33.08277777777778
9430272,2025-01-05T03:37:02.000Z,PRIMORSK,RUS,16.105555555555554
9430272,2025-01-25T10:32:20.000Z,TEMA,GHA,475.98583333333335
9430272,2025-02-14T07:12:36.000Z,TEMA,GHA,74.21055555555556
9430272,2025-03-06T16:27:26.000Z,VYSOTSK,RUS,32.319722222222225
9430272,2025-03-08T05:19:23.000Z,PRIMORSK,RUS,12.479444444444445
9430272,2025-03-09T06:55:59.000Z,PRIMORSK,RUS,55.41111111111111
9430272,2025-04-02T09:14:18.000Z,CRISTOBAL,PAN,32.70861111111111
9430272,2025-04-03T18:56:10.000Z,CORTE CULEBRA,PAN,6.4430555555555555
9430272,2025-04-10T19:30:10.000Z,ARICA,CHL,2110.213888888889
9430272,2025-07-15T05:21:57.000Z,BALBOA,PAN,55.32833333333333
9430272,2025-07-17T13:30:30.000Z,CRISTOBAL,PAN,4.032777777777778
9430272,2025-08-10T05:42:03.000Z,VYSOTSK,RUS,3.7775
9430272,2025-08-25T14:35:44.000Z,CANAKKALE,TUR,13.668055555555556
9430272,2025-08-26T16:29:53.000Z,YALOVA,TUR,70.8013888888889
9430272,2025-08-29T17:14:17.000Z,NOVOROSSIYSK,TUR,7.0425
9430272,2025-08-30T05:57:34.000Z,GELIBOLU,TUR,18.31361111111111
9430272,2025-09-17T08:08:08.000Z,VYSOTSK,RUS,85.69222222222223
9430272,2025-10-06T17:01:42.000Z,PORT SAID,EGY,9.858333333333333
9430272,2025-10-17T18:24:34.000Z,MUNDRA,IND,109.90638888888888
9430272,2025-10-31T16:24:33.000Z,SUEZ,EGY,12.63
9430272,2025-11-14T01:16:43.000Z,LA SKHIRRA,TUN,198.9752777777778
9430272,2025-11-29T21:14:59.000Z,BENGHAZI,LBY,289.25
9430272,2025-12-12T18:56:47.000Z,TOBRUK,LBY,118.02194444444444
9321718,2024-12-26T23:45:48.000Z,PRIMORSK,RUS,134.89166666666668
9321718,2025-01-22T08:22:32.000Z,PORT SAID,EGY,19.794444444444444
9321718,2025-02-03T10:49:06.000Z,SIKKA,IND,39.47
9321718,2025-02-05T03:45:44.000Z,JAMNAGR,IND,33.974444444444444
9321718,2025-02-16T04:31:08.000Z,SUEZ,EGY,504.72333333333336
9321718,2025-03-24T05:09:43.000Z,SKAW,DNK,8.601666666666667
9321718,2025-04-03T09:02:50.000Z,UST LUGA,RUS,45.9625
9321718,2025-04-21T13:40:23.000Z,PORT SAID,EGY,13.198333333333334
9321718,2025-04-22T14:35:32.000Z,ATHENES,EGY,59.41111111111111
9321718,2025-05-12T21:13:11.000Z,SINGAPORE,SGP,190.91305555555556
9321718,2025-06-08T05:31:36.000Z,SUEZ,EGY,24.198055555555555
9321718,2025-06-16T11:45:03.000Z,NOVOROSSIYSK,RUS,70.56805555555556
9321718,2025-06-19T16:42:54.000Z,AZOV,RUS,59.854166666666664
9321718,2025-06-22T11:51:20.000Z,KAVKAZ,RUS,110.58027777777778
9321718,2025-06-27T11:23:17.000Z,TAMAN,RUS,10.674722222222222
9321718,2025-07-02T16:35:06.000Z,GELIBOLU,TUR,12.974166666666667
9321718,2025-07-03T11:24:25.000Z,NOVOROSSIYSK,TUR,17.72972222222222
9321718,2025-07-06T09:58:18.000Z,PORT SAID,EGY,18.63388888888889
9321718,2025-07-24T23:36:43.000Z,TANJUNG PELEPAS,MYS,115.89722222222223
9321718,2025-08-25T21:13:22.000Z,FUJAIRAH,ARE,125.40277777777777
9321718,2025-09-22T05:38:29.000Z,CN LYG,CHN,31.280833333333334
9321718,2025-09-25T02:58:45.000Z,DA LIAN,CHN,547.2363888888889
9321718,2025-11-12T07:00:09.000Z,DALIAN CHINA,CHN,292.31666666666666
9321718,2025-12-08T01:47:25.000Z,DALIAN,CHN,57.159444444444446
9321718,2025-12-12T02:28:59.000Z,DALIAN,CHN,150.5913888888889
9321718,2025-12-19T01:42:52.000Z,DALIAN CHINA,CHN,129.30388888888888
9321718,2025-12-26T10:04:14.000Z,DALIAN,CHN,157.8486111111111
9645023,2025-01-03T10:33:44.000Z,KAVKAZ,RUS,119.93888888888888
9645023,2025-01-19T11:06:58.000Z,ROSTOV,RUS,35.39805555555556
9645023,2025-01-21T05:37:37.000Z,AZOV,RUS,62.43138888888889
9645023,2025-01-28T03:08:50.000Z,AZOV,RUS,43.91583333333333
9645023,2025-01-30T06:48:29.000Z,AZOV,RUS,997.3377777777778
9645023,2025-03-17T06:32:57.000Z,AZOV,RUS,206.13416666666666
9645023,2025-03-26T06:25:37.000Z,AZOV,RUS,42.219722222222224
9645023,2025-03-28T05:58:38.000Z,AZOV,RUS,89.05055555555556
9645023,2025-04-05T00:34:21.000Z,ROSTOV,RUS,24.180833333333332
9645023,2025-04-07T00:13:45.000Z,AZOV,RUS,51.37
9645023,2025-04-09T06:26:00.000Z,ROSTOV,RUS,49.21333333333333
9645023,2025-04-13T14:01:32.000Z,PORT KAVKAZ,RUS,17.02111111111111
9645023,2025-04-16T19:00:31.000Z,YEISK,RUS,11.28
9645023,2025-04-18T04:33:25.000Z,AZOV,RUS,23.464444444444446
9645023,2025-04-19T13:08:33.000Z,ROSTOV,RUS,13.938333333333333
9645023,2025-04-21T03:37:12.000Z,ROSTOV,RUS,72.2063888888889
9645023,2025-05-13T02:00:35.000Z,ROSTOV,RUS,22.485833333333332
9645023,2025-05-15T06:37:46.000Z,ROSTOV,RUS,315.9797222222222
9645023,2025-05-30T03:09:09.000Z,ROSTOV,RUS,14.678611111111111
9645023,2025-05-30T18:53:29.000Z,AZOV,RUS,32.0625
9645023,2025-06-01T03:04:31.000Z,ROSTOV,RUS,49.17916666666667
9645023,2025-06-03T05:40:15.000Z,ROSTOV,RUS,6.5775
9645023,2025-06-05T16:02:42.000Z,PORT KAVKAZ,RUS,16.325277777777778
9645023,2025-06-08T07:48:01.000Z,ROSTOV,RUS,13.01388888888889
9645023,2025-06-11T03:01:44.000Z,AZOV,RUS,47.01777777777778
9645023,2025-06-13T13:17:33.000Z,KAVKAZ,RUS,76.7136111111111
9645023,2025-06-17T11:07:32.000Z,ROSTOV,RUS,4.9975000000000005
9645023,2025-06-19T10:54:18.000Z,ROSTOV,RUS,29.308611111111112
9645023,2025-06-20T23:41:54.000Z,AZOV,RUS,7.717777777777778
9645023,2025-06-22T06:47:35.000Z,KAVKAZ,RUS,24.083333333333332
9645023,2025-07-03T19:14:00.000Z,KAVKAZ,RUS,65.7311111111111
9645023,2025-07-14T04:15:41.000Z,ROSTOV,RUS,13.164444444444445
9645023,2025-07-17T10:01:23.000Z,VOLGOGRAD,RUS,93.89277777777778
9645023,2025-07-21T11:54:57.000Z,AZOV,RUS,50.10444444444445
9645023,2025-07-23T16:35:42.000Z,KAVKAZ,RUS,23.138333333333332
9645023,2025-07-24T22:14:20.000Z,KAVKAZ,RUS,125.3475
9645023,2025-07-31T07:40:13.000Z,KAVKAZ,RUS,49.81166666666667
9645023,2025-08-02T09:49:55.000Z,KERCH,RUS,21.76222222222222
9645023,2025-08-03T09:14:56.000Z,AZOV,RUS,27.639166666666668
9645023,2025-08-05T15:10:18.000Z,VOLGODONSK,RUS,1.995
9645023,2025-08-09T14:16:48.000Z,ASTRAKHAN,RUS,25.099166666666665
9645023,2025-08-11T20:21:44.000Z,KAVKAZ,RUS,20.551944444444445
9645023,2025-08-20T10:49:15.000Z,KAVKAZ,RUS,106.46416666666667
9645023,2025-08-25T14:29:42.000Z,ADMK,RUS,913.4697222222222
9645023,2025-10-03T07:55:29.000Z,ROSTOV,RUS,11.811666666666667
9645023,2025-10-04T09:02:56.000Z,ROSTOV,RUS,12.40611111111111
9645023,2025-10-08T13:44:25.000Z,PORT KAVKAZ,RUS,10.974722222222223
9645023,2025-10-09T01:47:00.000Z,TAMAN,RUS,9.244444444444444
9645023,2025-10-11T06:57:18.000Z,AZOV,RUS,6.918888888888889
9645023,2025-10-15T12:19:32.000Z,KAVKAZ,RUS,64.85027777777778
9645023,2025-10-18T17:18:37.000Z,TAMAN,RUS,36.13194444444444
9645023,2025-10-20T11:17:18.000Z,KAVKAZ,RUS,19.09722222222222
9645023,2025-10-21T06:58:11.000Z,ADMK,RUS,64.1075
9645023,2025-10-25T11:08:48.000Z,KAVKAZ,RUS,22.7
9645023,2025-10-26T15:10:11.000Z,AZOV,RUS,54.86666666666667
9645023,2025-11-03T10:09:31.000Z,KERCHENSKIYROLIV,UKR,85.83805555555556
9645023,2025-11-07T09:13:57.000Z,ROSTOV,RUS,175.34555555555556
9645023,2025-11-17T08:58:30.000Z,BLACK SEA,RUS,1.7002777777777778
9645023,2025-11-17T11:15:31.000Z,KERCH,RUS,70.15194444444444
9645023,2025-11-23T09:12:48.000Z,ANGPHO ANCHOR,UKR,45.81305555555556
9645023,2025-11-25T09:35:42.000Z,AZOV,RUS,226.33138888888888
9645023,2025-12-15T19:19:02.000Z,ANGPHO ANCHOR,UKR,12.238888888888889
9645023,2025-12-16T09:14:35.000Z,AZOV,RUS,151.0225
9645009,2024-12-14T05:09:46.000Z,KERCH,RUS,540.3086111111111
9645009,2025-01-05T17:42:42.000Z,KAVKAZ,RUS,125.82444444444444
9645009,2025-01-12T02:18:53.000Z,OPL KAVKAZ,RUS,354.93638888888887
9645009,2025-01-29T11:03:46.000Z,YALOVA,TUR,26.119444444444444
9645009,2025-01-30T16:27:23.000Z,NOVOROSSIYSK,TUR,30.00777777777778
9645009,2025-02-03T12:24:22.000Z,KAVKAZ,RUS,31.149166666666666
9645009,2025-02-17T16:27:59.000Z,KAVKAZ,RUS,43.426944444444445
9645009,2025-02-23T18:44:29.000Z,,TUR,3.4705555555555554
9645009,2025-02-24T03:49:50.000Z,YALOVA,TUR,26.818055555555556
9645009,2025-03-24T09:46:52.000Z,KAVKAZ OPL,RUS,303.68083333333334
9645009,2025-04-06T12:48:32.000Z,ADMK,RUS,47.595
9645009,2025-04-08T20:40:57.000Z,KAVKAZ,RUS,12.720277777777778
9645009,2025-04-09T09:57:17.000Z,ROSTOV,RUS,3.299722222222222
9645009,2025-04-10T02:36:33.000Z,ASTRAKHAN,RUS,75.63777777777777
9645009,2025-04-13T22:49:57.000Z,KAVKAZ,RUS,11.302777777777777
9645009,2025-04-14T13:26:40.000Z,KAVKAZ,RUS,39.97361111111111
9645009,2025-04-21T08:00:11.000Z,AZOV,RUS,32.220555555555556
9645009,2025-04-23T00:21:47.000Z,SEMIKARAKORSK,RUS,31.14027777777778
9645009,2025-04-24T08:37:23.000Z,AZOV,RUS,5.419444444444444
9645009,2025-04-25T07:17:35.000Z,VOLGOGRAD,RUS,45.854166666666664
9645009,2025-04-28T08:27:46.000Z,AZOV,RUS,8.184444444444445
9645009,2025-04-28T21:50:47.000Z,KAVKAZ,RUS,29.462777777777777
9645009,2025-05-14T08:45:53.000Z,AZOV,RUS,17.6825
9645009,2025-05-15T07:39:51.000Z,ROSTOV,RUS,11.992222222222223
9645009,2025-05-16T03:31:44.000Z,SEMIKARAKORSK,RUS,22.098055555555554
9645009,2025-05-18T07:19:40.000Z,VOLGOGRAD,RUS,150.7725
9645009,2025-05-24T21:00:44.000Z,VOLGODONSK,RUS,18.281944444444445
9645009,2025-05-25T18:25:56.000Z,KAVKAZ,RUS,26.836944444444445
9645009,2025-05-26T21:26:33.000Z,ROSTOV,RUS,9.974166666666667
9645009,2025-06-01T08:56:04.000Z,KAVKAZ,RUS,90.3163888888889
9645009,2025-10-01T16:56:16.000Z,SAMSUN,TUR,42.45861111111111
9645009,2025-10-08T16:35:36.000Z,TEMRYUK,RUS,236.9338888888889
9645009,2025-10-24T20:34:24.000Z,ALEXANDRIA,TUR,23.649166666666666
9645009,2025-10-26T04:11:46.000Z,YALOVA,TUR,202.88722222222222
9645009,2025-11-05T13:37:44.000Z,AMBARLI,TUR,25.34
9645009,2025-11-21T14:21:49.000Z,MARTAS,TUR,13.386666666666667
9645009,2025-11-22T10:03:30.000Z,YALOVA,TUR,633.1
9645009,2025-12-21T09:48:58.000Z,KAVKAZ,RUS,711.8441666666666
9164718,2024-12-29T19:28:57.000Z,UST LUGA,RUS,233.62416666666667
9164718,2025-01-08T16:03:02.000Z,ST PETERSBURG,RUS,53.54277777777778
9164718,2025-01-11T12:41:17.000Z,UST LUGA,RUS,129.79888888888888
9164718,2025-01-17T09:08:31.000Z,UST LUGA,RUS,2.358888888888889
9164718,2025-01-17T16:36:58.000Z,SPB,RUS,109.76055555555556
9164718,2025-01-22T06:40:44.000Z,SPB SESKAR SPB,RUS,2.6880555555555556
9164718,2025-01-22T12:37:14.000Z,UST LUGA,RUS,93.55611111111111
9164718,2025-01-28T08:05:57.000Z,ST PETERSBURG,RUS,325.92861111111114
9164718,2025-02-10T22:19:44.000Z,SPB SESKAR SPB,RUS,4.466666666666667
9164718,2025-02-12T07:14:06.000Z,UST LUGA,RUS,23.795833333333334
9164718,2025-02-13T11:58:00.000Z,UST LUGA,RUS,61.24583333333333
9164718,2025-02-16T01:26:00.000Z,UST LUGA,RUS,37.47805555555556
9164718,2025-02-17T16:33:54.000Z,KRONSHTADT,RUS,174.20111111111112
9164718,2025-02-24T23:06:31.000Z,SPB SESKAR SPB,RUS,6.371111111111111
9164718,2025-02-25T07:50:51.000Z,UST LUGA,RUS,21.430833333333332
9164718,2025-02-27T11:28:17.000Z,UST LUGA,RUS,20.34638888888889
9164718,2025-03-01T06:32:10.000Z,ST PETERSBURG,RUS,8.305833333333334
9164718,2025-03-01T16:41:05.000Z,SPB,RUS,115.66666666666667
9164718,2025-03-06T12:43:19.000Z,SPB SESKAR SPB,RUS,8.144166666666667
9164718,2025-03-07T08:55:42.000Z,UST LUGA,RUS,23.1725
9164718,2025-03-09T13:08:45.000Z,UST LUGA,RUS,122.40222222222222
9164718,2025-03-14T15:42:56.000Z,SPB,RUS,1181.2913888888888
9164718,2025-05-03T02:53:15.000Z,UST LUGA,RUS,83.82833333333333
9164718,2025-05-07T01:20:15.000Z,ST PETERSBURG,RUS,13.793055555555556
9164718,2025-05-07T15:23:00.000Z,SPB,RUS,18.226388888888888
9164718,2025-05-08T15:56:45.000Z,UST LUGA,RUS,56.58638888888889
9164718,2025-05-11T04:59:56.000Z,SPB,RUS,64.45805555555556
9164718,2025-05-14T02:39:38.000Z,UST LUGA,RUS,4.2875
9164718,2025-05-14T15:50:04.000Z,UST LUGA,RUS,18.66888888888889
9164718,2025-05-15T15:45:56.000Z,SPB,RUS,29.433888888888887
9164718,2025-05-17T04:44:23.000Z,UST LUGA,RUS,259.45166666666665
9164718,2025-05-28T02:46:39.000Z,UST LUGA,RUS,181.8636111111111
9164718,2025-06-04T17:26:37.000Z,ST PETERSBURG,RUS,63.69305555555555
9164718,2025-06-07T15:03:29.000Z,UST LUGA,RUS,68.23861111111111
9164718,2025-06-10T15:33:02.000Z,SPB,RUS,17.953333333333333
9164718,2025-06-11T14:35:05.000Z,UST LUGA,RUS,118.35555555555555
9164718,2025-06-16T13:18:53.000Z,B A,RUS,20.40972222222222
9164718,2025-06-17T15:22:08.000Z,UST LUGA,RUS,126.31138888888889
9164718,2025-06-23T00:15:41.000Z,ST PETERSBURG,RUS,38.665277777777774
9164718,2025-06-24T15:18:22.000Z,SPB,RUS,30.1875
9164718,2025-06-26T03:18:21.000Z,UST LUGA,RUS,129.32416666666666
9164718,2025-07-01T16:58:41.000Z,SPB,RUS,30.468611111111112
9164718,2025-07-07T21:18:14.000Z,ST PETERSBURG,RUS,72.67027777777778
9164718,2025-07-11T03:55:27.000Z,UST LUGA,RUS,177.84916666666666
9164718,2025-07-18T17:00:10.000Z,ST PETERSBURG,RUS,43.06
9164718,2025-07-23T13:30:53.000Z,ST PETERSBURG,RUS,55.85527777777778
9164718,2025-07-26T02:45:30.000Z,UST LUGA,RUS,114.90583333333333
9164718,2025-07-31T00:28:13.000Z,ST PETERSBURG,RUS,33.9275
9164718,2025-08-01T10:45:14.000Z,SPB SESKAR SPB,RUS,18.935833333333335
9164718,2025-08-02T09:31:59.000Z,UST LUGA,RUS,176.93722222222223
9164718,2025-08-09T20:16:36.000Z,ST PETERSBURG,RUS,4.1738888888888885
9164718,2025-08-10T00:46:37.000Z,B A,RUS,44.23111111111111
9164718,2025-08-11T21:15:59.000Z,SPB SESKAR SPB,RUS,66.35194444444444
9164718,2025-08-14T16:17:46.000Z,ST PETERSBURG,RUS,9.50361111111111
9164718,2025-08-15T02:08:47.000Z,B A,RUS,64.85055555555556
9164718,2025-08-18T01:30:38.000Z,UST LUGA,RUS,23.48111111111111
9164718,2025-08-19T01:08:07.000Z,UST LUGA,RUS,9.940833333333334
9164718,2025-08-19T16:33:22.000Z,SPB,RUS,64.95861111111111
9164718,2025-08-22T14:46:53.000Z,UST LUGA,RUS,186.43444444444444
9164718,2025-08-30T16:37:51.000Z,SPB,RUS,17.253611111111113
9164718,2025-08-31T15:55:06.000Z,UST LUGA,RUS,42.18694444444444
9164718,2025-09-02T15:33:06.000Z,SPB,RUS,42.483333333333334
9164718,2025-09-04T16:11:20.000Z,UST LUGA,RUS,28.419722222222223
9164718,2025-09-05T22:11:43.000Z,ST PETERSBURG,RUS,166.9813888888889
9164718,2025-09-17T16:20:26.000Z,SPB,RUS,52.80416666666667
9164718,2025-09-20T03:58:36.000Z,UST LUGA,RUS,52.066944444444445
9164718,2025-09-22T10:43:24.000Z,ST PETERSBURG,RUS,119.08694444444444
9164718,2025-09-27T15:36:34.000Z,UST LUGA,RUS,57.89611111111111
9164718,2025-09-30T04:31:51.000Z,ST PETERSBURG,RUS,12.053888888888888
9164718,2025-09-30T16:54:54.000Z,B A,RUS,50.40111111111111
9164718,2025-10-06T15:38:01.000Z,SPB,RUS,42.14416666666666
9164718,2025-10-14T06:54:23.000Z,SPB,RUS,28.393333333333334
9164718,2025-10-16T15:11:56.000Z,SPB,RUS,41.67805555555555
9164718,2025-10-18T13:40:11.000Z,UST LUGA,RUS,45.73972222222222
9164718,2025-10-20T13:41:43.000Z,ST PETERSBURG,RUS,43.11416666666667
9164718,2025-10-22T09:35:59.000Z,SPB,RUS,85.65972222222223
9164718,2025-10-26T01:37:04.000Z,ST PETERSBURG,RUS,55.76027777777778
9164718,2025-10-28T11:26:51.000Z,B A,RUS,16.852777777777778
9164718,2025-11-01T06:57:43.000Z,ST PETERSBURG,RUS,6.192222222222222
9164718,2025-11-01T15:20:09.000Z,SPB,RUS,162.87555555555556
9164718,2025-11-08T15:21:41.000Z,UST LUGA,RUS,80.41333333333333
9164718,2025-11-12T04:28:19.000Z,SPB,RUS,208.08
9164718,2025-11-21T04:20:38.000Z,UST LUGA,RUS,14.117222222222223
9164718,2025-11-21T23:51:13.000Z,ST PETERSBURG,RUS,45.87444444444444
9164718,2025-11-24T05:21:39.000Z,UST LUGA,RUS,79.7375
9164718,2025-11-27T15:57:12.000Z,ST PETERSBURG,RUS,11.304722222222223
9164718,2025-11-28T03:22:22.000Z,SPB,RUS,171.93805555555556
9164718,2025-12-05T09:06:23.000Z,B A,RUS,6.941666666666666
9164718,2025-12-05T16:20:15.000Z,B A,RUS,77.87555555555555
9164718,2025-12-09T10:38:25.000Z,ST PETERSBURG,RUS,143.05277777777778
9164718,2025-12-15T14:55:08.000Z,UST LUGA,RUS,18.56833333333333
9164718,2025-12-18T17:53:55.000Z,SPB,RUS,52.14527777777778
9164718,2025-12-24T09:56:34.000Z,UST LUGA,RUS,67.01805555555555
9164718,2025-12-27T05:26:22.000Z,ST PETERSBURG,RUS,7.51
9164718,2025-12-27T14:48:25.000Z,SPB,RUS,52.06138888888889
9164718,2025-12-29T19:04:15.000Z,SPB SESKAR SPB,RUS,4.128055555555555
9164718,2025-12-30T07:37:58.000Z,UST LUGA,RUS,103.23277777777778
9735141,2024-12-30T14:40:31.000Z,ADMK,RUS,166.6988888888889
9735141,2025-01-08T20:08:09.000Z,,TUR,8.19361111111111
9735141,2025-01-13T06:40:28.000Z,ISDEMIR,TUR,116.29555555555555
9735141,2025-01-22T01:22:10.000Z,AMBARLI,TUR,5.846388888888889
9735141,2025-02-14T09:38:53.000Z,TAGANROG,RUS,2.9125
9735141,2025-02-14T13:55:10.000Z,ADMK,RUS,6.7766666666666655
9735141,2025-02-16T10:33:57.000Z,AZOV,RUS,7.709722222222222
9735141,2025-02-17T01:04:47.000Z,ROSTOV,RUS,2.2294444444444443
9735141,2025-02-18T12:26:41.000Z,AZOV,RUS,6.745277777777778
9735141,2025-02-18T21:13:09.000Z,ROSTOV,RUS,13.07638888888889
9735141,2025-02-21T19:50:37.000Z,KAVKAZ,RUS,11.118333333333334
9735141,2025-02-28T10:31:02.000Z,BATUMI,GEO,206.21944444444443
9735141,2025-03-11T10:07:14.000Z,KERCH,UKR,170.70777777777778
9735141,2025-03-20T19:44:40.000Z,ROSTOV,RUS,19.55611111111111
9735141,2025-03-21T17:48:37.000Z,ROSTOV,RUS,33.21111111111111
9735141,2025-03-23T08:38:11.000Z,ROSTOV,RUS,11.756388888888889
9735141,2025-03-24T03:29:40.000Z,ROSTOV,RUS,15.679722222222223
9735141,2025-03-24T22:41:46.000Z,ROSTOV,RUS,14.688611111111111
9735141,2025-03-25T21:11:44.000Z,ROSTOV,RUS,14.241666666666667
9735141,2025-03-26T15:02:28.000Z,ROSTOV,RUS,27.169444444444444
9735141,2025-03-27T19:20:44.000Z,ROSTOV,RUS,27.420277777777777
9735141,2025-03-29T06:17:08.000Z,ROSTOV,RUS,67.835
9735141,2025-04-07T18:32:17.000Z,AMBARLI,TUR,8.254166666666666
9735141,2025-04-12T01:20:00.000Z,MERSIN,TUR,55.674166666666665
9735141,2025-04-18T03:05:45.000Z,AMBARLI,TUR,9.875555555555556
9735141,2025-04-22T12:53:55.000Z,ROSTOV,RUS,31.471666666666668
9735141,2025-04-25T10:51:36.000Z,ROSTOV,RUS,14.887777777777778
9735141,2025-04-29T07:30:54.000Z,KAVKAZ,RUS,11.171666666666667
9735141,2025-04-30T14:01:56.000Z,KAVKAZ,RUS,5.865
9735141,2025-05-02T06:43:15.000Z,KAVKAZ,RUS,68.635
9735141,2025-05-05T11:48:04.000Z,KAVKAZ,RUS,194.3022222222222
9735141,2025-05-15T14:01:25.000Z,ADMK,RUS,31.609444444444446
9735141,2025-05-19T03:10:06.000Z,KAVKAZ,RUS,27.885
9735141,2025-05-21T15:26:49.000Z,THEODOSIA,UKR,10.866388888888888
9735141,2025-05-23T15:05:03.000Z,BATUMI,GEO,68.94194444444445
9735141,2025-05-28T15:09:02.000Z,TAMAN,RUS,58.58722222222222
9735141,2025-05-31T02:40:12.000Z,AZOV,RUS,121.8861111111111
9735141,2025-06-08T17:10:03.000Z,BATUMI,GEO,76.50222222222222
9735141,2025-06-14T07:06:42.000Z,KERCH,UKR,10.975277777777778
9735141,2025-06-14T21:54:22.000Z,TAMAN,RUS,76.55583333333334
9735141,2025-06-18T03:19:24.000Z,AZOV,RUS,18.3875
9735141,2025-06-19T02:17:29.000Z,AZOV,RUS,101.76861111111111
9735141,2025-07-01T14:43:04.000Z,TRABZON,TUR,34.096666666666664
9735141,2025-07-06T06:34:09.000Z,AZOV,RUS,106.09333333333333
9735141,2025-07-10T17:06:54.000Z,ADMK,RUS,18.43166666666667
9735141,2025-07-11T22:38:04.000Z,ROSTOV,RUS,11.915277777777778
9735141,2025-07-12T11:48:44.000Z,ADMK,RUS,43.977777777777774
9735141,2025-07-22T12:51:57.000Z,ROSTOV,RUS,7.671111111111111
9735141,2025-08-03T10:31:43.000Z,ROSTOV,RUS,2.8916666666666666
9735141,2025-08-03T18:15:43.000Z,ROSTOV,RUS,233.26555555555555
9735141,2025-08-13T13:16:36.000Z,ROSTOV,RUS,23.19472222222222
9735141,2025-08-19T08:38:52.000Z,KAVKAZ,RUS,239.7588888888889
9735141,2025-08-30T07:55:48.000Z,KAVKAZ,RUS,397.2994444444444
9735141,2025-10-02T11:01:32.000Z,ROSTOV,RUS,43.04638888888889
9735141,2025-10-04T07:02:00.000Z,ROSTOV,RUS,141.93416666666667
9735141,2025-10-10T06:02:28.000Z,KAVKAZ,RUS,6.068611111111111
9735141,2025-10-11T12:44:56.000Z,STAROCHERKASSK,RUS,28.764166666666668
9735141,2025-10-27T07:16:33.000Z,AZOV,RUS,43.076388888888886
9735141,2025-10-29T10:52:07.000Z,ROSTOV,RUS,20.29611111111111
9735141,2025-10-30T14:30:57.000Z,PRIMORSK,RUS,68.6225
9735141,2025-11-02T15:08:18.000Z,ROSTOV,RUS,64.48611111111111
9735141,2025-11-05T11:18:25.000Z,KAVKAZ,RUS,69.50083333333333
9735141,2025-11-30T15:01:25.000Z,ROSTOV,RUS,805.5977777777778
9046564,2025-01-03T06:02:43.000Z,OKHOTSK SEA,RUS,80.39805555555556
9046564,2025-01-14T10:04:00.000Z,OKHOTSK SEA,RUS,10.598333333333333
9046564,2025-01-16T09:26:35.000Z,OKHOTSK SEA,RUS,15.532777777777778
9046564,2025-01-17T01:19:04.000Z,OKHOTSK SEA,RUS,15.777222222222223
9046564,2025-01-26T04:27:43.000Z,OKHOTSK SEA,RUS,6.951666666666667
9046564,2025-02-23T00:20:05.000Z,SLAVYANKA,RUS,38.22361111111111
9046564,2025-02-24T22:15:07.000Z,VLADIVOSTOK,RUS,60.395
9046564,2025-02-27T14:56:30.000Z,NAKHODKA,RUS,30.086944444444445
9046564,2025-04-14T02:36:07.000Z,VLADIVOSTOK,RUS,143.71555555555557
9046564,2025-04-20T04:46:26.000Z,SLAVYANKA,RUS,47.03722222222222
9046564,2025-04-22T04:55:08.000Z,VLADIVOSTOK,RUS,59.166666666666664
9046564,2025-04-28T04:15:39.000Z,RUPGN,RUS,114.07333333333334
9046564,2025-05-03T07:10:06.000Z,RUPGN,RUS,64.02916666666667
9046564,2025-05-06T00:06:11.000Z,RUPGN,RUS,6.981111111111111
9046564,2025-05-06T12:10:04.000Z,RUPGN,RUS,106.50055555555555
9046564,2025-05-13T22:52:12.000Z,OKHOTSK SEA,RUS,3.2830555555555554
9046564,2025-05-26T09:58:33.000Z,OKHOTSK SEA,RUS,14.963333333333333
9046564,2025-05-27T03:54:50.000Z,OKHOTSK SEA,RUS,16.497222222222224
9046564,2025-06-08T19:15:40.000Z,VLADIVOSTOK,RUS,374.1666666666667
9046564,2025-06-24T13:57:51.000Z,NAKHODKA,RUS,71.67583333333333
9046564,2025-06-27T17:10:08.000Z,VLADIVOSTOK,RUS,180.41861111111112
9046564,2025-07-06T01:03:08.000Z,KOZMINO,RUS,65.78805555555556
9046564,2025-07-18T05:39:57.000Z,PROVIDENIYA,RUS,64.63916666666667
9046564,2025-07-25T08:07:21.000Z,ANADYR,RUS,233.14138888888888
9046564,2025-08-04T12:11:40.000Z,BERINGOVSKIY,RUS,60.33722222222222
9046564,2025-08-07T22:12:08.000Z,EGVEKINOT,RUS,24.048055555555557
9046564,2025-08-14T03:10:18.000Z,PEVEK,RUS,74.53416666666666
9046564,2025-08-21T03:18:54.000Z,ANADYR,RUS,200.82583333333332
9046564,2025-09-04T08:51:33.000Z,BERINGOVSKIY,RUS,163.18444444444444
9046564,2025-09-23T05:40:08.000Z,RUPGN,RUS,5.344444444444444
9046564,2025-09-30T02:56:37.000Z,SLAVYANKA,RUS,35.44888888888889
9046564,2025-10-02T11:31:13.000Z,VLADIVOSTOK,RUS,72.01916666666666
9046564,2025-10-06T05:06:25.000Z,VLADIVOSTOK,RUS,22.9075
9046564,2025-12-02T15:05:11.000Z,VLADIVOSTOK,RUS,46.256388888888885
9046564,2025-12-06T10:55:50.000Z,SLAVYANKA,RUS,50.4825
9046564,2025-12-08T14:30:07.000Z,VLADIVOSTOK,RUS,98.84055555555555
9046564,2025-12-24T10:27:26.000Z,OKHOTSK SEA,RUS,9.841944444444444
9503304,2025-02-21T18:54:00.000Z,ST PETERSBURG,RUS,1035.8513888888888
9503304,2025-06-11T08:35:39.000Z,ST PETERSBURG,RUS,76.46861111111112
9503304,2025-06-14T13:27:24.000Z,ST PETERSBURG,RUS,301.28583333333336
9503304,2025-08-19T14:44:29.000Z,ST PETERSBURG,RUS,2480.1208333333334
9690212,2025-01-03T18:34:32.000Z,ANZALI,IRN,96.0825
9690212,2025-01-11T06:57:37.000Z,ASTRAKHAN,RUS,76.66416666666667
9690212,2025-01-19T20:32:01.000Z,NOWSHAHR,IRN,87.71333333333334
9690212,2025-01-27T23:52:40.000Z,ASTRAKHAN,RUS,247.10416666666666
9690212,2025-02-21T08:57:54.000Z,ASTRAKHAN,RUS,247.43305555555557
9690212,2025-03-17T05:14:50.000Z,ASTRAKHAN,RUS,921.9325
9690212,2025-04-24T15:35:07.000Z,ASTRAKHAN,RUS,462.1672222222222
9690212,2025-05-14T02:10:28.000Z,AMIRABAD,IRN,432.6591666666667
9690212,2025-06-07T05:56:38.000Z,ASTRAKHAN,RUS,76.45194444444445
9690212,2025-06-13T15:46:03.000Z,NOWSHAHR,IRN,69.48388888888888
9690212,2025-06-19T03:58:56.000Z,ASTRAKHAN,RUS,132.2188888888889
9690212,2025-06-25T22:30:23.000Z,AMR,RUS,9.732222222222223
9690212,2025-06-30T14:10:43.000Z,NOWSHAHR,IRN,21.982222222222223
9690212,2025-07-04T20:25:26.000Z,ANZALI,RUS,8.516666666666667
9690212,2025-07-05T05:25:14.000Z,ASTRAKHAN,RUS,12.307222222222222
9690212,2025-07-05T17:51:03.000Z,ASTRAKHAN,RUS,68.66527777777777
9690212,2025-07-19T12:30:00.000Z,AMIRABAD,IRN,24.336388888888887
9690212,2025-07-29T08:25:20.000Z,ASTRAKHAN,RUS,161.2763888888889
9690212,2025-08-11T12:41:22.000Z,FEREYDOONKENAR,IRN,121.25666666666666
9690212,2025-08-21T23:40:40.000Z,ASTRAKHAN,RUS,156.4325
9690212,2025-09-14T06:02:29.000Z,FEREYDOONKENAR,IRN,126.52055555555556
9690212,2025-11-19T22:22:09.000Z,ASTRAKHAN,RUS,3654.0330555555556
9612909,2025-04-12T08:38:30.000Z,TEMRYUK,RUS,33.11972222222222
9612909,2025-04-16T07:02:45.000Z,TEMRYUK,RUS,9.051944444444445
9612909,2025-04-20T22:50:58.000Z,TEMRYUK,RUS,17.856944444444444
9612909,2025-04-30T03:54:32.000Z,TEMRYUK,RUS,6.551944444444445
9612909,2025-05-01T05:54:51.000Z,TEMRYUK,RUS,20.06833333333333
9612909,2025-05-02T14:11:43.000Z,TEMRYUK,RUS,77.24194444444444
9612909,2025-05-08T03:16:11.000Z,TEMRYUK,RUS,18.63083333333333
9612909,2025-05-12T11:05:18.000Z,TEMRYUK,RUS,6.323611111111111
9612909,2025-05-27T11:00:59.000Z,TEMRYUK,RUS,30.170833333333334
9612909,2025-05-28T18:15:41.000Z,TEMRYUK,RUS,8.359722222222222
9612909,2025-05-31T23:30:42.000Z,TEMRYUK,RUS,10.654722222222222
9612909,2025-06-01T15:48:48.000Z,TEMRYUK,RUS,8.06861111111111
9612909,2025-06-07T07:47:20.000Z,TEMRYUK,RUS,21.02611111111111
9612909,2025-06-12T03:31:26.000Z,TEMRYUK,RUS,15.471388888888889
9612909,2025-06-18T08:47:49.000Z,TEMRYUK,RUS,14.83361111111111
9612909,2025-06-20T08:16:53.000Z,TEMRYUK,RUS,13.080833333333333
9612909,2025-06-21T03:47:01.000Z,TEMRYUK,RUS,19.558333333333334
9612909,2025-06-27T00:46:29.000Z,TEMRYUK,RUS,70.9186111111111
9612909,2025-07-03T08:27:43.000Z,TEMRYUK,RUS,9.254166666666666
9612909,2025-07-03T20:17:22.000Z,TEMRYUK,RUS,48.65638888888889
9612909,2025-07-20T05:06:38.000Z,TEMRYUK,RUS,15.111666666666666
9612909,2025-07-23T02:32:30.000Z,TEMRYUK,RUS,30.705277777777777
9612909,2025-07-25T20:32:24.000Z,TEMRYUK,RUS,23.5725
9612909,2025-07-30T22:16:22.000Z,TEMRYUK,RUS,23.197777777777777
9612909,2025-08-02T20:27:56.000Z,TEMRYUK,RUS,6.369166666666667
9612909,2025-08-03T03:29:01.000Z,TEMRYUK,RUS,107.1925
9612909,2025-08-16T19:56:07.000Z,TEMRYUK,RUS,6.313055555555556
9612909,2025-08-20T01:49:38.000Z,TEMRYUK,RUS,13.942222222222222
9612909,2025-08-20T20:02:01.000Z,TEMRYUK,RUS,7.5808333333333335
9612909,2025-08-23T19:31:04.000Z,TEMRYUK,RUS,16.970833333333335
9612909,2025-08-26T17:02:18.000Z,TEMRYUK,RUS,1.3119444444444444
9612909,2025-08-26T22:06:31.000Z,TEMRYUK,RUS,330.9625
9612909,2025-09-17T23:09:14.000Z,TEMRYUK,RUS,1.0641666666666667
9612909,2025-09-19T05:11:27.000Z,TEMRYUK,RUS,9.504166666666666
9612909,2025-09-22T21:00:10.000Z,TEMRYUK,RUS,20.33861111111111
9612909,2025-09-24T09:31:26.000Z,TEMRYUK,RUS,17.3175
9612909,2025-09-25T21:30:22.000Z,TEMRYUK,RUS,10.215
9612909,2025-10-24T18:15:16.000Z,TEMRYUK,RUS,3594.3658333333333
9292199,2025-01-10T08:25:50.000Z,CANAKALE,TUR,48.349444444444444
9292199,2025-01-14T18:16:14.000Z,PORT SAID,EGY,11.537777777777778
9292199,2025-01-25T15:40:25.000Z,SIKKA,IND,16.079722222222223
9292199,2025-01-26T09:12:18.000Z,RPTL,IND,41.26222222222222
9292199,2025-02-06T13:10:15.000Z,SUEZ,EGY,15.37138888888889
9292199,2025-02-09T14:37:17.000Z,NOVOROSSIYSK,TUR,108.43277777777777
9292199,2025-02-25T00:40:44.000Z,NOVOROSSIYSK,RUS,35.757222222222225
9292199,2025-02-28T19:07:28.000Z,ROTTERDAM NETHERLAND,TUR,82.27444444444444
9292199,2025-03-06T15:34:31.000Z,PORT SAID,EGY,11.991388888888888
9292199,2025-03-17T11:17:54.000Z,VADINAR,IND,55.562777777777775
9292199,2025-03-29T07:43:30.000Z,SUEZ,EGY,21.260833333333334
9292199,2025-04-02T11:20:24.000Z,NOVOROSSIYSK,TUR,18.154166666666665
9292199,2025-04-08T04:54:05.000Z,NOVOROSSIYSK,RUS,74.25972222222222
9292199,2025-04-13T10:17:35.000Z,NOVOROSSIYSK,RUS,51.2
9292199,2025-04-16T14:53:31.000Z,TRIESTE ITALY,TUR,11.659444444444444
9292199,2025-04-19T12:22:23.000Z,PORT SAID,EGY,14.580833333333333
9292199,2025-04-30T13:00:23.000Z,SIKKA,IND,77.42833333333333
9292199,2025-05-13T02:33:42.000Z,SUEZ,EGY,5.851388888888889
9292199,2025-05-13T10:11:29.000Z,SUEZ,EGY,46.99638888888889
9292199,2025-06-12T06:21:40.000Z,CAO FEI DIAN,CHN,44.13027777777778
9292199,2025-06-22T00:08:00.000Z,NINGBO,CHN,536.9819444444445
9292199,2025-07-21T13:10:12.000Z,EOPL,MYS,21.84027777777778
9292199,2025-08-08T15:05:16.000Z,SUEZ,EGY,12.86888888888889
9292199,2025-08-11T14:52:02.000Z,NOVOROSSIYSK,TUR,39.41777777777778
9292199,2025-08-16T09:48:41.000Z,NOVOROSSIYSK,RUS,7.9725
9292199,2025-08-17T05:55:07.000Z,NOVOROSSIYSK,RUS,15.893333333333333
9292199,2025-08-17T22:33:31.000Z,NOVOROSSIYSK,RUS,38.05583333333333
9292199,2025-08-22T14:22:30.000Z,PORT SAID,TUR,13.832222222222223
9292199,2025-08-25T16:21:52.000Z,PORT SAID,EGY,10.948333333333334
9292199,2025-09-05T01:32:21.000Z,SIKKA,IND,82.01666666666667
9292199,2025-09-18T09:13:03.000Z,SUEZ,EGY,18.803333333333335
9292199,2025-09-21T09:11:54.000Z,NOVOROSSIYSK,TUR,21.871666666666666
9292199,2025-10-01T05:44:55.000Z,NOVOROSSIYSK,RUS,12.102222222222222
9292199,2025-10-06T06:30:02.000Z,KULEVI,GEO,32.39222222222222
9292199,2025-10-12T07:03:12.000Z,NOVOROSSIYSK,RUS,13.103055555555555
9292199,2025-10-13T06:28:20.000Z,NOVOROSSIYSK,RUS,25.800555555555555
9292199,2025-10-15T23:00:36.000Z,NOVOROSSIYSK,RUS,42.9475
9292199,2025-10-19T16:59:10.000Z,YALOVA,TUR,43.36055555555556
9292199,2025-11-04T19:01:54.000Z,TRIESTE ITALY,TUR,33.8075
9292199,2025-11-08T17:15:12.000Z,PORT SAID,EGY,16.371111111111112
9292199,2025-12-25T23:08:29.000Z,AA,CHN,31.287777777777777
9292199,2025-12-29T04:42:08.000Z,CN LYG,CHN,18.261388888888888
9347308,2024-12-28T15:51:58.000Z,DONG YING,CHN,82.39555555555556
9347308,2025-01-05T03:15:03.000Z,VLADIVOSTOK,RUS,174.08527777777778
9347308,2025-01-16T13:54:18.000Z,DONGYING CHINA,CHN,84.66416666666667
9347308,2025-01-25T02:52:33.000Z,SLAVYANKA,RUS,347.74444444444447
9347308,2025-02-11T20:25:26.000Z,NINGBO,CHN,59.48138888888889
9347308,2025-02-17T15:50:06.000Z,VLADIVOSTOK,RUS,70.74833333333333
9347308,2025-02-20T21:28:54.000Z,SLAVYANKA,RUS,320.0422222222222
9347308,2025-03-08T04:39:20.000Z,YOSU,KOR,128.68972222222223
9347308,2025-03-15T11:11:23.000Z,SLAVYANKA,RUS,115.32777777777778
9347308,2025-03-24T12:01:22.000Z,DONGYING CHINA,CHN,134.1275
9347308,2025-04-02T21:50:04.000Z,SLAVYANKA,RUS,41.01166666666666
9347308,2025-04-04T16:20:14.000Z,VLADIVOSTOK,RUS,66.74777777777778
9347308,2025-04-07T12:34:38.000Z,SLAVYANKA,RUS,191.9947222222222
9347308,2025-04-20T02:03:15.000Z,NINGBO,CHN,52.72
9347308,2025-04-25T08:50:02.000Z,VLADIVOSTOK,RUS,53.58694444444444
9347308,2025-04-27T17:00:24.000Z,SLAVYANKA,RUS,66.61361111111111
9347308,2025-05-06T04:21:23.000Z,BZ26 3,CHN,50.03333333333333
9347308,2025-05-27T05:17:10.000Z,ZHOU SHAN,CHN,1104.7922222222223
9347308,2025-07-15T08:55:04.000Z,VLADIVOSTOK,RUS,100.93111111111111
9347308,2025-07-19T14:56:50.000Z,SLAVYANKA,RUS,39.77916666666667
9347308,2025-07-24T18:51:53.000Z,CN LYG,CHN,10.759444444444444
9347308,2025-07-25T07:16:38.000Z,OU,CHN,39.80583333333333
9347308,2025-07-30T12:13:12.000Z,VLADIVOSTOK,RUS,268.59944444444443
9347308,2025-08-10T18:24:35.000Z,SLAVYANKA,RUS,20.065277777777776
9347308,2025-08-18T10:09:59.000Z,BZ25 1,CHN,88.57
9347308,2025-09-08T15:11:21.000Z,DONGYING CHINA,CHN,111.13
9347308,2025-09-17T22:30:32.000Z,VLADIVOSTOK,RUS,38.9675
9347308,2025-09-22T00:36:47.000Z,VLADIVOSTOK,RUS,15.899166666666666
9347308,2025-09-22T23:50:22.000Z,VLADIVOSTOK,RUS,16.524722222222223
9347308,2025-09-25T16:40:48.000Z,VLADIVOSTOK,RUS,13.769444444444444
9347308,2025-09-30T02:30:08.000Z,DONGYING CHINA,CHN,75.08222222222223
9347308,2025-10-07T02:45:16.000Z,VLADIVOSTOK,RUS,32.16777777777778
9347308,2025-10-12T20:21:49.000Z,VLADIVOSTOK,RUS,42.88638888888889
9347308,2025-10-14T18:03:51.000Z,VLADIVOSTOK,RUS,6.308888888888889
9347308,2025-10-15T00:46:50.000Z,VLADIVOSTOK,RUS,1.7130555555555556
9347308,2025-10-15T17:32:31.000Z,VLADIVOSTOK,RUS,54.64
9347308,2025-10-19T12:51:53.000Z,VLADIVOSTOK,RUS,48.785833333333336
9347308,2025-10-24T09:07:44.000Z,VLADIVOSTOK,RUS,18.173055555555557
9347308,2025-10-26T19:15:52.000Z,VLADIVOSTOK,RUS,41.4275
9347308,2025-10-29T05:13:00.000Z,VLADIVOSTOK,RUS,152.16027777777776
9347308,2025-11-05T02:08:28.000Z,VLADIVOSTOK,RUS,100.77555555555556
9347308,2025-11-09T22:18:42.000Z,VLADIVOSTOK,RUS,23.566666666666666
9347308,2025-11-10T22:41:26.000Z,VLADIVOSTOK,RUS,177.8036111111111
9347308,2025-11-18T11:59:38.000Z,VLADIVOSTOK,RUS,17.05
9347308,2025-11-25T08:56:55.000Z,VLADIVOSTOK,RUS,21.49972222222222
9347308,2025-11-28T19:58:00.000Z,VLADIVOSTOK,RUS,39.465833333333336
9347308,2025-11-30T12:10:53.000Z,VLADIVOSTOK,RUS,24.06888888888889
9347308,2025-12-01T12:45:43.000Z,VLADIVOSTOK,RUS,42.80777777777778
9347308,2025-12-03T09:24:31.000Z,VLADIVOSTOK,RUS,15.899444444444445
9347308,2025-12-04T18:42:15.000Z,VLADIVOSTOK,RUS,58.29694444444444
9347308,2025-12-07T06:58:29.000Z,VLADIVOSTOK,RUS,9.044444444444444
9347308,2025-12-08T10:07:46.000Z,VLADIVOSTOK,RUS,58.876666666666665
9347308,2025-12-10T22:40:10.000Z,VLADIVOSTOK,RUS,60.806111111111115
9347308,2025-12-13T15:41:26.000Z,VLADIVOSTOK,RUS,69.51944444444445
9347308,2025-12-16T16:01:03.000Z,VLADIVOSTOK,RUS,73.73833333333333
9347308,2025-12-20T02:26:34.000Z,VLADIVOSTOK,RUS,263.2502777777778
9290373,2025-01-03T06:15:23.000Z,VADINAR,IND,43.071666666666665
9290373,2025-01-14T03:50:15.000Z,SUEZ,EGY,26.497777777777777
9290373,2025-01-18T13:12:44.000Z,DARDANELLES,TUR,127.93388888888889
9290373,2025-01-27T15:10:50.000Z,DARDANELLES,TUR,163.56555555555556
9290373,2025-02-12T11:52:31.000Z,NOVOROSSIYSK,RUS,25.763055555555557
9290373,2025-02-17T09:13:34.000Z,,TUR,7.059722222222222
9290373,2025-02-17T22:20:51.000Z,PORT SAID,TUR,79.92416666666666
9290373,2025-02-23T16:04:36.000Z,PORT SAID,EGY,14.528611111111111
9290373,2025-03-06T07:35:52.000Z,VADINAR,IND,59.85444444444445
9290373,2025-03-17T03:16:26.000Z,SUEZ,EGY,49.81194444444444
9290373,2025-03-25T20:48:58.000Z,PORT SAID,EGY,7.960833333333333
9290373,2025-04-16T01:42:59.000Z,COCHIN,IND,32.43638888888889
9290373,2025-04-27T06:01:04.000Z,SUEZ,EGY,23.470277777777778
9290373,2025-05-05T21:07:45.000Z,NOVOROSSIYSK,RUS,41.685
9290373,2025-05-07T16:43:46.000Z,NOVOROSSIYSK,RUS,0.0725
9290373,2025-05-07T16:50:07.000Z,NOVOROSSIYSK,RUS,64.86055555555555
9290373,2025-05-16T04:45:56.000Z,PORT SAID,EGY,22.2525
9290373,2025-05-27T04:37:22.000Z,VADINAR,IND,182.8575
9290373,2025-06-13T07:37:30.000Z,SUEZ,EGY,21.17527777777778
9290373,2025-06-16T17:12:11.000Z,DARDANELLES,TUR,91.55694444444444
9290373,2025-06-21T11:14:05.000Z,YALOVA,TUR,694.4069444444444
9290373,2025-07-20T11:57:29.000Z,YALOVA,TUR,25.10611111111111
9290373,2025-07-21T14:55:02.000Z,NOVOROSSIYSK,TUR,45.060833333333335
9290373,2025-08-31T06:03:11.000Z,JEDDAH,SAU,3.9833333333333334
9290373,2025-09-02T07:29:58.000Z,SUEZ,EGY,21.06222222222222
9290373,2025-09-06T10:28:01.000Z,PORT SAID,EGY,17.781111111111112
9290373,2025-09-16T20:35:49.000Z,SIKKA,IND,135.48416666666665
9290373,2025-10-01T22:04:02.000Z,SUEZ,EGY,30.403055555555557
9290373,2025-10-09T13:47:24.000Z,MALTA,MLT,8.46
9290373,2025-10-24T10:16:47.000Z,PRIMORSK,RUS,204.8413888888889
9290373,2025-11-15T14:50:39.000Z,PORT SAID,EGY,13.184444444444445
9290373,2025-12-26T05:19:33.000Z,LANSHAN,CHN,26.424166666666668
9290373,2025-12-27T11:26:17.000Z,CN LYG,CHN,46.60861111111111
9867621,2025-03-11T20:37:40.000Z,ALIAGA,TUR,36.33444444444444
9867621,2025-03-13T09:44:37.000Z,ALIAGA,TUR,69.26972222222223
9867621,2025-03-20T12:20:40.000Z,NOVOROSSIYSK,TUR,66.1061111111111
9867621,2025-03-23T21:15:25.000Z,YESILKOY,TUR,9.532777777777778
9867621,2025-03-24T13:39:00.000Z,YALOVA,TUR,525.7108333333333
9867621,2025-04-15T13:41:58.000Z,YALOVA,TUR,5.419444444444444
9867621,2025-04-16T06:20:42.000Z,CANAKALE,TUR,17.796388888888888
9867621,2025-06-30T04:46:20.000Z,ALIAGA,TUR,44.28527777777778
9867621,2025-07-25T08:33:49.000Z,UST LUGA,RUS,34.5075
9867621,2025-08-11T04:58:30.000Z,ALIAGA,TUR,58.19583333333333
9867621,2025-08-29T22:43:49.000Z,PRIMORSK,RUS,37.83694444444444
9867621,2025-09-15T12:21:58.000Z,ALIAGA,TUR,87.37
9867621,2025-09-24T06:03:01.000Z,GIBRALTAR,GIB,8.53138888888889
9867621,2025-10-03T19:55:08.000Z,PRIMORSK,RUS,37.17027777777778
9867621,2025-10-21T09:19:27.000Z,ALIAGA,TUR,14.141944444444444
9867621,2025-10-22T00:02:34.000Z,ALIAGA,TUR,37.98777777777778
9867621,2025-10-23T14:52:31.000Z,ALIAGA,TUR,361.20222222222225
9867621,2025-11-22T20:43:22.000Z,VYSOTSK,RUS,27.212222222222223
9867621,2025-11-24T01:25:56.000Z,VYSOTSK,RUS,64.21333333333334
9867621,2025-11-27T07:16:07.000Z,ST PETERSBURG,RUS,173.15555555555557
9621596,2025-01-21T05:34:28.000Z,PORT SAID,EGY,10.591666666666667
9621596,2025-02-16T05:15:12.000Z,VYSOTSK,RUS,49.33722222222222
9621596,2025-02-18T12:56:18.000Z,UST LUGA,RUS,33.094166666666666
9621596,2025-03-09T10:14:52.000Z,PORT SAID,EGY,9.828333333333333
9621596,2025-04-01T04:46:22.000Z,VYSOTSK,RUS,32.17527777777778
9621596,2025-04-03T08:59:59.000Z,UST LUGA,RUS,33.26916666666666
9621596,2025-04-18T14:47:54.000Z,LA SKHIRRA,TUN,48.735
9621596,2025-05-04T05:23:32.000Z,PRIMORSK,RUS,110.38777777777777
9621596,2025-05-10T23:34:45.000Z,UST LUGA,RUS,112.58
9621596,2025-06-03T00:17:21.000Z,LA SKHIRRA,TUN,93.21194444444444
9621596,2025-06-12T09:42:41.000Z,ALGER,DZA,8.110833333333334
9621596,2025-06-24T04:05:15.000Z,UST LUGA,RUS,29.991944444444446
9621596,2025-06-25T14:42:57.000Z,VYSOTSK,RUS,21.346944444444443
9621596,2025-08-14T14:31:23.000Z,PRIMORSK,RUS,18.1525
9621596,2025-08-17T02:07:18.000Z,UST LUGA,RUS,31.7
9621596,2025-08-18T14:35:09.000Z,VYSOTSK,RUS,2.0102777777777776
9621596,2025-08-19T07:00:43.000Z,VYSOTSK,RUS,7.992222222222222
9621596,2025-10-18T09:25:09.000Z,VYSOTSK,RUS,2.2741666666666664
9621596,2025-10-28T15:21:29.000Z,TANGER MED,MAR,5.592777777777778
9621596,2025-11-06T12:39:06.000Z,TANGER MED,MAR,45.066944444444445
9621596,2025-11-18T21:48:49.000Z,UST LUGA,RUS,32.57333333333333
9621596,2025-11-20T11:05:29.000Z,VYSOTSK,RUS,50.088055555555556
9621596,2025-12-05T09:58:32.000Z,TANGER MED,MAR,33.77861111111111
9621596,2025-12-19T05:44:31.000Z,UST LUGA,RUS,236.3575
9621596,2025-12-29T06:40:13.000Z,VYSOTSK,RUS,367.75555555555553
9645047,2025-01-06T05:16:42.000Z,ADMK,RUS,24.129444444444445
9645047,2025-01-22T22:57:19.000Z,ALEXANDRIA,EGY,58.91388888888889
9645047,2025-01-29T05:24:04.000Z,YESILKOY,TUR,9.07638888888889
9645047,2025-02-19T04:42:47.000Z,YALOVA,TUR,105.64805555555556
9645047,2025-02-23T17:05:07.000Z,NOVOROSSIYSK,TUR,267.9763888888889
9645047,2025-03-09T14:29:50.000Z,NOVOROSSIYSK OPL,RUS,63.20055555555555
9645047,2025-03-13T05:38:25.000Z,SAMSUN,TUR,48.70472222222222
9645047,2025-03-22T11:39:04.000Z,SAMSUN,TUR,98.83361111111111
9645047,2025-03-28T07:02:19.000Z,KERCH,RUS,26.558055555555555
9645047,2025-03-29T23:41:41.000Z,AZOV,RUS,23.023333333333333
9645047,2025-03-31T08:30:52.000Z,ROSTOV,RUS,1.6413888888888888
9645047,2025-03-31T10:37:40.000Z,TAGANROG,RUS,27.142222222222223
9645047,2025-04-01T21:03:03.000Z,AZOV,RUS,11.201944444444445
9645047,2025-04-02T23:41:39.000Z,ROSTOV,RUS,118.54555555555555
9645047,2025-04-08T03:49:22.000Z,KAVKAZ,RUS,9.450555555555555
9645047,2025-04-09T15:02:22.000Z,ROSTOV,RUS,8.840833333333334
9645047,2025-04-20T11:26:38.000Z,YALOVA,TUR,70.46138888888889
9645047,2025-04-23T13:04:28.000Z,AMBARLI,TUR,21.941111111111113
9645047,2025-04-26T15:20:05.000Z,NOVOROSSIYSK,RUS,37.698055555555555
9645047,2025-04-29T06:22:40.000Z,KULEVI,GEO,73.12777777777778
9645047,2025-05-02T09:02:28.000Z,KULEVI,GEO,23.265
9645047,2025-05-08T18:45:22.000Z,SEMIKARAKORSK,RUS,5.519722222222223
9645047,2025-05-14T10:28:48.000Z,AZOV,RUS,7.441944444444444
9645047,2025-05-14T18:20:47.000Z,ROSTOV,RUS,28.15861111111111
9645047,2025-05-19T10:02:12.000Z,ANY AREA,UKR,4.406666666666666
9645047,2025-05-21T19:25:58.000Z,,TUR,3.816388888888889
9645047,2025-05-22T03:25:18.000Z,YALOVA,TUR,130.3188888888889
9645047,2025-06-02T06:27:56.000Z,ROSTOV,RUS,7.145277777777777
9645047,2025-06-02T20:54:19.000Z,AZOV,RUS,3.305833333333333
9645047,2025-06-03T09:40:17.000Z,KAVKAZ,RUS,123.00944444444444
9645047,2025-06-08T14:44:34.000Z,KAVKAZ,RUS,31.581944444444446
9645047,2025-06-20T00:11:18.000Z,YALOVA,TUR,95.44416666666666
9645047,2025-06-29T06:58:53.000Z,AZOV,RUS,31.999444444444446
9645047,2025-07-14T03:20:24.000Z,KAVKAZ,RUS,64.33722222222222
9645047,2025-07-21T03:26:40.000Z,YALOVA,TUR,63.6525
9645047,2025-07-23T22:05:32.000Z,YESILKOY,TUR,23.58361111111111
9645047,2025-07-25T05:31:03.000Z,GELIBOLU,TUR,8.682777777777778
9645047,2025-07-28T22:51:02.000Z,MERSIN,TUR,22.863055555555555
9645047,2025-08-01T23:04:50.000Z,NOVOROSSIYSK,TUR,5.559166666666667
9645047,2025-08-13T16:59:25.000Z,,RUS,10.106944444444444
9645047,2025-08-23T22:12:56.000Z,ROSTOV,RUS,55.14805555555556
9645047,2025-09-02T08:44:25.000Z,YALOVA,TUR,52.66583333333333
9645047,2025-09-08T13:29:38.000Z,MERSIN,TUR,20.6525
9645047,2025-09-12T10:07:42.000Z,DARDANELLES,TUR,6.3758333333333335
9645047,2025-09-13T10:10:12.000Z,AMBARLI,TUR,4.330277777777778
9645047,2025-09-17T11:37:31.000Z,KERCH,RUS,19.901944444444446
9645047,2025-09-19T09:58:23.000Z,ROSTOV,RUS,81.36027777777778
9645047,2025-10-05T15:30:55.000Z,KAVKAZ,RUS,87.55805555555555
9645047,2025-10-13T09:02:59.000Z,YALOVA,TUR,113.91583333333334
9645047,2025-10-21T02:41:56.000Z,TAMAN,RUS,102.33916666666667
9645047,2025-10-26T14:45:17.000Z,KAVKAZ,RUS,218.8275
9645047,2025-11-05T18:41:49.000Z,STAROCHERKASSK,RUS,75.71305555555556
9645047,2025-11-09T02:25:04.000Z,KERCH,UKR,91.10666666666667
9645047,2025-11-15T04:16:56.000Z,YALOVA,TUR,63.61666666666667
9645047,2025-11-20T10:46:02.000Z,KERCH,UKR,56.051944444444445
9645047,2025-11-24T11:33:51.000Z,ROSTOV ON DON,RUS,31.7
9645047,2025-11-26T23:56:47.000Z,ROSTOV,RUS,2982.8888888888887
9884150,2025-01-05T13:19:02.000Z,AMBARLI,TUR,24.476944444444445
9884150,2025-01-11T06:03:29.000Z,YEISK,RUS,67.895
9884150,2025-02-01T11:12:33.000Z,TAMAN,RUS,3.620833333333333
9884150,2025-02-04T12:48:05.000Z,NOVOROSSIYSK,TUR,41.66388888888889
9884150,2025-02-09T05:28:31.000Z,MERSIN,TUR,91.7136111111111
9884150,2025-03-04T00:43:59.000Z,AZOV,RUS,104.25777777777778
9884150,2025-03-11T01:06:31.000Z,TAMAN,RUS,89.34222222222222
9884150,2025-03-15T02:51:01.000Z,ROSTOV,RUS,138.14194444444445
9884150,2025-03-21T02:44:41.000Z,ROSTOV,RUS,15.44111111111111
9884150,2025-03-22T23:40:15.000Z,AZOV,RUS,31.315
9884150,2025-03-25T06:55:40.000Z,KERCH,UKR,25.142777777777777
9884150,2025-03-27T04:06:39.000Z,ROSTOV,RUS,13.293333333333333
9884150,2025-03-28T09:34:00.000Z,ROSTOV,RUS,387.1925
9884150,2025-04-20T18:45:22.000Z,GELIBOLU,TUR,4.0616666666666665
9884150,2025-04-24T00:49:01.000Z,MERSIN,TUR,354.97444444444443
9884150,2025-05-09T03:55:55.000Z,DORTYOL,TUR,48.153333333333336
9884150,2025-05-15T01:42:50.000Z,AMBARLI,TUR,6.164166666666667
9884150,2025-05-18T05:05:23.000Z,OPL KAVKAZ,RUS,76.41333333333333
9884150,2025-05-22T07:01:14.000Z,KAVKAZ,RUS,7.377777777777778
9884150,2025-05-22T18:36:19.000Z,YEISK,RUS,70.98027777777777
9884150,2025-05-28T02:25:53.000Z,YEISK,RUS,0.5705555555555556
9884150,2025-05-29T00:14:50.000Z,KAVKAZ,RUS,19.415277777777778
9884150,2025-06-04T16:05:13.000Z,DORTYOL,TUR,254.64527777777778
9884150,2025-06-18T16:13:13.000Z,NOVOROSSIYSK,TUR,13.3925
9884150,2025-06-19T22:25:35.000Z,YESILKOY,TUR,11.337222222222222
9884150,2025-06-22T17:22:11.000Z,NWBS,RUS,100.26833333333333
9884150,2025-06-27T06:04:26.000Z,BLACK SEA,RUS,16.0025
9884150,2025-06-30T12:17:18.000Z,TAMAN,RUS,246.6913888888889
9884150,2025-07-11T10:12:00.000Z,KAVKAZ,RUS,29.7475
9884150,2025-07-13T18:56:50.000Z,KAVKAZ,RUS,29.0625
9884150,2025-07-15T11:02:33.000Z,TAMAN,RUS,35.175
9884150,2025-07-18T07:02:26.000Z,KAVKAZ,RUS,292.27555555555557
9884150,2025-08-01T20:51:26.000Z,AMBARLI,TUR,12.841666666666667
9884150,2025-08-06T06:46:19.000Z,CEYHAN,TUR,40.85472222222222
9884150,2025-08-11T00:27:32.000Z,DARDANELLES,TUR,8.757222222222222
9884150,2025-08-11T00:30:04.000Z,DARDANELLES,TUR,8.838055555555556
9884150,2025-08-12T03:26:27.000Z,YESILKOY,TUR,3.8366666666666664
9884150,2025-08-14T17:07:39.000Z,TAMAN,RUS,46.466388888888886
9884150,2025-08-17T08:52:53.000Z,KAVKAZ,RUS,19.126666666666665
9884150,2025-08-19T07:07:15.000Z,AZOV,RUS,8.85
9884150,2025-08-20T15:11:59.000Z,AZOV,RUS,112.71111111111111
9884150,2025-08-25T08:25:37.000Z,ROSTOV,RUS,171.5963888888889
9884150,2025-09-01T17:17:16.000Z,YEISK,RUS,54.61388888888889
9884150,2025-09-05T15:12:35.000Z,ALEXANDRIA,TUR,11.62138888888889
9884150,2025-09-09T23:09:29.000Z,CEYHAN,TUR,49.510555555555555
9884150,2025-09-18T13:03:57.000Z,KERCH,UKR,14.0175
9884150,2025-09-19T05:31:23.000Z,YEISK,RUS,39.931666666666665
9884150,2025-09-21T11:49:57.000Z,KAVKAZ,RUS,18.0525
9884150,2025-09-25T14:57:04.000Z,KAVKAZ,RUS,1.0666666666666667
9884150,2025-09-28T07:25:04.000Z,ALEXANDRIA,TUR,15.120833333333334
9884150,2025-09-29T05:03:37.000Z,BANDIRMA,TUR,126.29305555555555
9884150,2025-10-09T11:02:59.000Z,KERCH,RUS,22.727222222222224
9884150,2025-10-11T06:13:52.000Z,ROSTOV,RUS,147.3661111111111
9884150,2025-10-25T21:00:34.000Z,DAMIETTA,EGY,8.414722222222222
9884150,2025-10-26T05:40:30.000Z,DAMIETTA,EGY,7.4275
9884150,2025-10-26T13:21:10.000Z,DAMIETTA,EGY,77.67
9884150,2025-10-29T19:12:31.000Z,DAMIETTA,EGY,44.57333333333333
9884150,2025-11-07T07:49:02.000Z,KAVKAZ,RUS,43.660555555555554
9884150,2025-11-11T04:12:05.000Z,ANGPHO ANCHOR,UKR,132.27416666666667
9884150,2025-11-18T20:26:33.000Z,TURKELI,TUR,31.794444444444444
9884150,2025-11-20T10:39:33.000Z,BANDIRMA,TUR,95.72333333333333
9884150,2025-11-30T06:42:29.000Z,YEISK,RUS,11.294166666666667
9884150,2025-12-01T06:25:39.000Z,YEISK,RUS,58.15694444444444
9884150,2025-12-04T06:56:44.000Z,KAVKAZ,RUS,124.0261111111111
9884150,2025-12-16T16:46:52.000Z,MERSIN,TUR,108.45722222222223
9884150,2025-12-26T15:36:19.000Z,AMBARLI,TUR,67.81527777777778
9640580,2025-01-03T22:29:14.000Z,,TUR,23.360833333333332
9640580,2025-01-05T05:50:10.000Z,GELIBOLU,TUR,6.869722222222222
9640580,2025-01-06T07:50:07.000Z,ALIAGA,TUR,49.13
9640580,2025-01-12T14:28:45.000Z,KAVKAZ,RUS,69.01583333333333
9640580,2025-01-15T21:43:07.000Z,NOVOROSSIYSK,RUS,119.14444444444445
9640580,2025-01-23T06:34:55.000Z,,TUR,7.0125
9640580,2025-01-29T03:13:53.000Z,BIZERTE,TUN,28.70916666666667
9640580,2025-01-30T08:26:45.000Z,BIZERTE,TUN,168.02388888888888
9640580,2025-02-06T09:03:24.000Z,BIZERTE,TUN,12.029166666666667
9640580,2025-02-13T11:25:03.000Z,NOVOROSSIYSK,TUR,10.783888888888889
9640580,2025-02-14T15:44:13.000Z,AMBARLI,TUR,2.435
9640580,2025-02-17T13:28:44.000Z,TAMAN,RUS,131.76611111111112
9640580,2025-02-25T21:55:59.000Z,YEISK,RUS,27.825
9640580,2025-02-27T04:58:48.000Z,YEISK,RUS,71.93666666666667
9640580,2025-03-05T17:36:43.000Z,TURKELI,TUR,13.738888888888889
9640580,2025-03-07T14:35:59.000Z,MALTA,TUR,238.5675
9640580,2025-03-18T02:26:23.000Z,NOVOROSSIYSK,TUR,10.364166666666666
9640580,2025-03-25T22:54:58.000Z,YEISK,RUS,29.16722222222222
9640580,2025-03-27T06:06:43.000Z,YEISK,RUS,12.942777777777778
9640580,2025-03-30T07:00:36.000Z,KAVKAZ,RUS,12.251388888888888
9640580,2025-04-02T15:42:49.000Z,BANDIRMA,TUR,53.11055555555556
9640580,2025-04-05T05:02:54.000Z,GELIBOLU,TUR,14.407222222222222
9640580,2025-04-09T10:42:11.000Z,DORTYOL,TUR,108.0875
9640580,2025-04-16T23:56:11.000Z,NOVOROSSIYSK,TUR,4.973888888888889
9640580,2025-04-25T10:31:29.000Z,YEISK,RUS,17.572222222222223
9640580,2025-04-27T12:52:37.000Z,YEISK,RUS,74.11138888888888
9640580,2025-05-05T14:27:03.000Z,TEKIRDAG,TUR,27.11
9640580,2025-05-11T03:23:57.000Z,DORTYOL,TUR,161.57944444444445
9640580,2025-05-21T06:38:10.000Z,NOVOROSSIYSK,TUR,4.413055555555555
9640580,2025-05-22T05:09:28.000Z,YESILKOY,TUR,3.8230555555555554
9640580,2025-05-26T22:15:32.000Z,TEMRYUK,RUS,173.4152777777778
9640580,2025-06-05T03:02:42.000Z,ROSTOV,RUS,21.520555555555557
9640580,2025-06-09T09:38:00.000Z,ROSTOV,RUS,175.7711111111111
9640580,2025-06-16T18:34:21.000Z,ROSTOV,RUS,42.76
9640580,2025-07-04T04:02:23.000Z,ROSTOV,RUS,299.7005555555556
9640580,2025-07-16T15:47:22.000Z,ROSTOV,RUS,61.43805555555556
9640580,2025-07-20T06:51:11.000Z,KAVKAZ,RUS,9.216944444444444
9640580,2025-07-22T14:11:10.000Z,TURKELI,TUR,13.847222222222221
9640580,2025-07-27T05:17:24.000Z,CEYHAN,TUR,39.43555555555555
9640580,2025-08-01T20:11:29.000Z,HARAMIDERE,TUR,3.5169444444444444
9640580,2025-08-04T12:46:30.000Z,TAMAN,RUS,336.76972222222224
9640580,2025-08-19T12:47:59.000Z,KAVKAZ,RUS,5.087777777777778
9640580,2025-08-21T19:20:00.000Z,TURKELI,TUR,11.141944444444444
9640580,2025-08-22T15:38:39.000Z,GELIBOLU,TUR,11.405
9640580,2025-08-26T19:12:50.000Z,DAMIETTA,EGY,12.216388888888888
9640580,2025-08-27T07:41:20.000Z,DAMIETTA,EGY,63.74111111111111
9640580,2025-09-12T11:29:01.000Z,KERCH,UKR,9.75611111111111
9640580,2025-09-13T13:40:28.000Z,YEISK,RUS,31.883333333333333
9640580,2025-09-16T15:04:37.000Z,PORT KAVKAZ,RUS,3.5988888888888892
9640580,2025-09-19T10:08:12.000Z,IZMIR,TUR,17.31138888888889
9640580,2025-09-20T09:12:55.000Z,BANDIRMA,TUR,82.84472222222222
9640580,2025-09-26T20:31:40.000Z,NOVOROSSIYSK,TUR,33.75527777777778
9640580,2025-10-01T06:12:33.000Z,YEISK,RUS,10.95861111111111
9640580,2025-10-04T04:40:30.000Z,KAVKAZ,RUS,41.34527777777778
9640580,2025-10-08T08:37:56.000Z,,TUR,29.36888888888889
9640580,2025-10-15T01:56:24.000Z,EL DEKHEILA,EGY,62.956944444444446
9640580,2025-10-24T22:35:11.000Z,KAVKAZ,RUS,135.43555555555557
9640580,2025-11-02T13:45:41.000Z,YEISK,RUS,55.74166666666667
9640580,2025-11-15T06:48:20.000Z,ALEXANDRIA,EGY,104.52305555555556
9640580,2025-11-30T07:19:28.000Z,YEISK,RUS,9.963888888888889
9640580,2025-12-02T15:36:47.000Z,YEISK,RUS,1.7319444444444445
9640580,2025-12-08T01:30:26.000Z,BANDIRMA,TUR,118.69972222222222
9640580,2025-12-15T23:05:26.000Z,KAVKAZ,RUS,15.459722222222222
9640580,2025-12-18T12:04:07.000Z,ANGPHO ANCHOR,UKR,8.514722222222222
9640580,2025-12-19T12:00:51.000Z,YEISK,RUS,4.931111111111111
9640580,2025-12-20T14:48:50.000Z,YEISK,RUS,26.93638888888889
9640580,2025-12-22T18:40:03.000Z,YEISK,RUS,210.08333333333334
9645035,2023-10-05T08:31:11.000Z,KAVKAZ,RUS,13368.803333333333
9645035,2025-04-16T10:14:54.000Z,TRABZON,TUR,26.092777777777776
9645035,2025-05-01T10:04:47.000Z,TAGANROG,RUS,676.7386111111111
9645035,2025-05-29T16:22:05.000Z,ROSTOV,RUS,4.971666666666667
9645035,2025-05-30T14:05:36.000Z,KAVKAZ,RUS,19.156388888888888
9645035,2025-06-04T07:04:22.000Z,TRABZON,TUR,27.455555555555556
9645035,2025-06-20T07:50:14.000Z,ROSTOV,RUS,2.0441666666666665
9645035,2025-06-20T10:08:22.000Z,TAGANROG,RUS,6.033333333333333
9645035,2025-06-21T09:07:25.000Z,KAVKAZ,RUS,42.72277777777778
9645035,2025-06-24T18:07:57.000Z,KAVKAZ,RUS,106.49472222222222
9645035,2025-06-30T06:52:44.000Z,ANY AREA,UKR,36.282222222222224
9645035,2025-07-06T08:00:33.000Z,TRABZON,TUR,25.9075
9645035,2025-07-19T13:07:56.000Z,MARTAS,TUR,14.119722222222222
9645035,2025-07-20T03:43:45.000Z,AMBARLI,TUR,66.13666666666667
9645035,2025-08-05T06:48:43.000Z,AZOV,RUS,57.535
9645035,2025-08-15T22:37:31.000Z,KAVKAZ,RUS,29.684166666666666
9645035,2025-08-17T07:47:22.000Z,MARIUPOL,UKR,262.03694444444443
9645035,2025-09-01T06:03:16.000Z,TRABZON,TUR,24.941666666666666
9645035,2025-09-12T07:55:07.000Z,TAGANROG,RUS,38.99388888888889
9645035,2025-09-22T10:24:28.000Z,BLACK SEA,RUS,14.920555555555556
9645035,2025-09-24T00:25:33.000Z,SAMSUN,TUR,117.22472222222223
9645035,2025-09-29T23:36:17.000Z,OPL KAVKAZ,RUS,5.592222222222222
9645035,2025-10-02T04:10:04.000Z,YEISK,RUS,39.228611111111114
9645035,2025-10-03T21:20:24.000Z,ROSTOV,RUS,9.435277777777777
9645035,2025-10-05T17:19:12.000Z,KAVKAZ,RUS,3.9658333333333333
9645035,2025-10-08T12:19:16.000Z,BANDIRMA,TUR,103.99111111111111
9645035,2025-10-13T01:10:56.000Z,AMBARLI,TUR,12.069722222222222
9645035,2025-10-15T15:28:41.000Z,KAVKAZ,RUS,13.561388888888889
9645035,2025-10-18T04:26:48.000Z,YEISK,RUS,57.2325
9645035,2025-10-24T13:30:22.000Z,ALEXANDRIA,TUR,14.669166666666667
9645035,2025-10-25T09:11:53.000Z,BANDIRMA,TUR,76.08888888888889
9645035,2025-11-03T09:59:11.000Z,YEISK,RUS,29.482222222222223
9645035,2025-11-07T12:18:56.000Z,PORT KAVKAZ,RUS,3.537777777777778
9645035,2025-11-10T13:34:02.000Z,BANDIRMA,TUR,145.5575
9645035,2025-11-18T19:23:47.000Z,YEISK,RUS,160.8711111111111
9645035,2025-11-29T08:13:20.000Z,BANDIRMA,TUR,155.71916666666667
9645035,2025-12-11T08:41:09.000Z,ROSTOV,RUS,70.31111111111112
9645035,2025-12-14T10:03:08.000Z,TAGANROG,RUS,99.20583333333333
9645035,2025-12-19T07:37:01.000Z,KAVKAZ,RUS,101.28611111111111
9645035,2025-12-23T13:17:11.000Z,PORT KAVKAZ,RUS,5.136111111111111
9645035,2025-12-25T08:00:43.000Z,EREGLI,TUR,17.99361111111111
9645035,2025-12-26T19:47:31.000Z,YALOVA,TUR,68.3163888888889
